,X1985,X1986,X1987,X1988,X1989,X1990,X1991,X1992,X1993,X1994,X1995,X1996,X1997,X1998,X1999,X2000,X2001,X2002,V19,V20,V21,V22,V23,V24,V25,V26,V27,V28,V29,V30,V31,V32,V33,V34,V35,V36,depto,agec
1,5,2,1,3,1,2,3,7,3,2,7,3,3,8,16,20,11,17,17,17,17,17,17,17,18,18,18,19,19,19,20,21,21,22,23,23,unknown location,1
2,0,1,1,1,0,0,1,1,0,1,17,1,2,0,16,8,5,6,6,6,6,6,6,6,6,6,6,6,6,6,6,6,6,6,6,6,unknown location,2
3,1,1,0,0,0,2,2,0,2,1,10,2,0,3,27,17,29,32,32,32,32,33,33,33,34,34,35,36,36,36,37,38,39,40,42,42,unknown location,3
4,2,4,1,0,1,3,2,3,4,0,12,3,3,10,236,242,170,281,284,288,288,294,295,298,307,311,317,328,329,332,341,351,356,366,380,381,unknown location,4
5,4,3,1,3,4,3,5,7,2,5,14,4,8,9,362,440,378,510,515,523,524,535,537,543,560,567,577,597,599,605,622,640,649,667,693,695,unknown location,5
6,1,1,6,4,3,6,5,2,3,7,12,4,4,16,467,496,417,574,580,589,590,602,605,611,630,638,650,673,676,683,702,723,733,754,783,785,unknown location,6
7,0,1,3,7,6,2,3,4,4,3,26,7,9,15,359,324,322,368,372,378,379,387,389,393,405,410,418,433,435,439,451,464,470,483,502,504,unknown location,7
8,2,5,1,5,9,6,4,5,6,9,22,9,8,11,332,320,271,312,315,320,321,327,328,331,341,345,351,363,364,368,378,389,394,405,421,422,unknown location,8
9,3,1,4,4,3,2,3,9,7,7,13,12,9,16,190,177,166,196,198,201,201,205,206,208,214,217,221,229,230,232,239,246,249,256,266,267,unknown location,9
10,3,5,4,4,9,5,5,2,3,5,12,10,3,10,120,144,116,134,135,137,137,140,141,142,146,148,151,156,157,159,163,168,170,175,182,183,unknown location,10
11,8,4,8,4,6,4,1,8,2,7,14,7,4,8,116,90,94,98,99,101,101,103,103,104,107,108,110,114,114,115,118,122,124,127,132,132,unknown location,11
12,4,4,2,1,5,1,6,3,7,5,14,9,9,9,105,78,61,71,72,73,73,74,74,75,77,78,79,82,82,83,85,88,89,92,96,96,unknown location,12
13,6,1,0,2,5,6,7,6,3,5,10,5,12,13,119,71,76,80,81,82,82,84,84,85,88,89,91,94,94,95,98,101,102,105,109,109,unknown location,13
14,4,3,1,4,4,6,4,6,6,3,8,3,7,8,87,76,60,54,55,56,56,57,57,58,60,61,62,64,64,65,67,69,70,72,75,75,unknown location,14
15,3,1,5,4,3,4,3,8,3,4,7,3,8,6,89,80,43,58,59,60,60,61,61,62,64,65,66,68,68,69,71,73,74,76,79,79,unknown location,15
16,2,2,2,1,2,1,1,3,1,4,3,2,5,4,64,62,47,48,49,50,50,51,51,52,54,55,56,58,58,59,61,63,64,66,69,69,unknown location,16
17,3,1,1,1,3,2,3,2,4,5,4,8,9,7,102,96,88,83,84,85,85,87,87,88,91,92,94,97,97,98,101,104,105,108,112,112,unknown location,17
18,94,110,90,82,80,83,92,87,115,175,133,171,211,41,94,110,90,82,83,84,84,86,86,87,90,91,93,96,96,97,100,103,104,107,111,111,unknown location,1
19,61,53,43,34,34,35,38,53,57,94,86,84,97,15,61,53,43,34,34,35,35,36,36,36,37,37,38,39,39,39,40,41,42,43,45,45,unknown location,2
20,53,50,33,41,57,48,47,72,58,102,74,123,132,44,53,50,33,41,41,42,42,43,43,43,44,45,46,48,48,48,49,50,51,52,54,54,unknown location,3
21,128,145,121,155,192,183,205,240,254,396,370,715,644,278,128,145,121,155,157,159,159,162,163,165,170,172,175,181,182,184,189,195,198,204,212,213,unknown location,4
22,258,321,333,365,401,362,456,545,485,675,630,1096,1024,530,258,321,333,365,369,375,376,384,386,390,402,407,414,429,431,435,447,460,466,479,497,498,unknown location,5
23,371,468,451,541,574,555,618,666,586,802,756,1112,1077,522,371,468,451,541,547,555,556,567,570,576,594,601,612,634,637,643,661,681,690,709,736,738,unknown location,6
24,271,324,343,481,507,441,584,563,495,718,610,1020,916,463,271,324,343,481,486,493,494,504,506,511,527,533,543,562,564,570,586,603,611,628,652,654,unknown location,7
25,243,282,302,342,420,431,491,545,469,648,585,962,849,361,243,282,302,342,346,351,352,359,361,365,376,381,388,402,404,408,420,432,438,450,467,468,unknown location,8
26,137,194,197,185,238,215,251,326,289,409,438,642,615,261,137,194,197,185,187,190,190,194,195,197,203,205,209,216,217,219,225,232,235,242,251,252,unknown location,9
27,126,162,152,177,181,161,194,238,225,320,323,585,535,194,126,162,152,177,179,182,182,186,187,189,195,197,201,208,209,211,217,223,226,232,241,242,unknown location,10
28,164,156,137,184,182,172,181,229,220,299,326,445,481,149,164,156,137,184,186,189,189,193,194,196,202,204,208,215,216,218,224,231,234,241,250,251,unknown location,11
29,164,138,137,157,178,173,165,218,249,331,323,465,475,152,164,138,137,157,159,161,161,164,165,167,172,174,177,183,184,186,191,197,200,206,214,215,unknown location,12
30,201,209,185,215,210,220,233,263,320,397,398,537,591,179,201,209,185,215,217,220,220,224,225,227,234,237,241,250,251,254,261,269,273,281,292,293,unknown location,13
31,163,198,208,215,239,169,204,229,270,402,466,654,624,160,163,198,208,215,217,220,220,224,225,227,234,237,241,250,251,254,261,269,273,281,292,293,unknown location,14
32,234,212,171,246,231,222,250,264,320,495,479,624,648,173,234,212,171,246,249,253,253,258,259,262,270,273,278,288,289,292,300,309,313,322,334,335,unknown location,15
33,175,151,175,218,216,179,170,212,279,442,392,651,665,133,175,151,175,218,220,223,223,228,229,231,238,241,245,254,255,258,265,273,277,285,296,297,unknown location,16
34,327,298,283,352,335,287,376,353,503,890,808,1093,1160,271,327,298,283,352,356,361,362,369,371,375,387,392,399,413,415,419,431,444,450,463,481,482,unknown location,17
35,1027,985,837,704,582,606,624,605,507,472,465,422,408,445,420,420,420,392,396,402,403,411,413,417,430,435,443,459,461,466,479,493,500,514,534,536,Antioquia,1
36,342,348,344,315,270,246,295,270,263,250,232,210,230,227,235,209,212,208,210,213,213,217,218,220,227,230,234,242,243,245,252,259,263,270,280,281,Antioquia,2
37,257,289,298,246,296,303,377,425,374,367,331,344,318,274,295,319,261,305,308,313,314,320,321,324,334,338,344,356,357,361,371,382,387,398,413,414,Antioquia,3
38,783,946,957,1133,1434,1877,2367,2153,2165,2125,2070,1979,1886,1647,1780,1754,1815,1616,1633,1658,1661,1695,1703,1721,1774,1795,1828,1893,1901,1920,1974,2033,2061,2119,2201,2208,Antioquia,4
39,1483,1662,1707,2070,2387,2904,3330,3007,2723,2605,2329,2167,2108,1801,1965,2223,2389,2171,2194,2227,2231,2276,2286,2310,2381,2410,2454,2541,2551,2577,2650,2729,2767,2845,2955,2964,Antioquia,5
40,1334,1598,1615,1888,2177,2431,2757,2586,2220,2003,1982,1932,1733,1447,1517,1720,1747,1623,1640,1665,1668,1702,1710,1728,1781,1803,1836,1901,1909,1928,1983,2042,2070,2128,2210,2217,Antioquia,6
41,1037,1257,1251,1454,1600,1751,1942,1925,1871,1661,1650,1537,1505,1304,1310,1406,1480,1312,1326,1346,1348,1375,1381,1395,1438,1455,1482,1534,1540,1555,1599,1646,1669,1716,1782,1787,Antioquia,7
42,843,1010,1046,1145,1237,1382,1616,1700,1519,1341,1400,1427,1373,1195,1249,1289,1409,1271,1285,1305,1307,1333,1339,1353,1395,1412,1438,1489,1495,1510,1553,1599,1621,1667,1731,1736,Antioquia,8
43,753,867,833,917,1006,1069,1221,1154,1148,1145,1119,1190,1213,1059,1177,1231,1297,1204,1217,1235,1237,1262,1268,1281,1320,1336,1360,1408,1414,1428,1468,1512,1533,1576,1637,1642,Antioquia,9
44,838,947,917,930,957,967,1063,1017,1035,1044,1120,1162,1140,1048,1137,1183,1210,1250,1263,1282,1284,1310,1316,1330,1371,1388,1413,1463,1469,1484,1526,1571,1593,1638,1701,1706,Antioquia,10
45,1126,1191,1114,1045,1079,1157,1180,1209,1100,1146,1201,1160,1180,1138,1233,1199,1308,1282,1296,1316,1318,1345,1351,1365,1407,1424,1450,1501,1507,1522,1565,1611,1633,1679,1744,1749,Antioquia,11
46,1273,1362,1307,1430,1387,1320,1375,1364,1345,1294,1314,1382,1349,1342,1396,1410,1394,1308,1322,1342,1344,1371,1377,1391,1434,1451,1478,1530,1536,1551,1595,1642,1665,1712,1778,1783,Antioquia,12
47,1562,1628,1551,1516,1648,1752,1838,1893,1901,1811,1861,1802,1781,1783,1749,1752,1768,1765,1784,1811,1814,1851,1859,1878,1936,1959,1995,2066,2074,2095,2154,2218,2249,2312,2401,2408,Antioquia,13
48,1580,1758,1674,1673,1695,1844,1770,1908,1989,2031,2292,2433,2362,2256,2380,2167,2241,2149,2172,2205,2209,2254,2264,2288,2358,2387,2431,2517,2527,2552,2624,2702,2740,2817,2925,2934,Antioquia,14
49,1873,1892,1850,1860,1868,2028,2088,2215,2094,2221,2264,2256,2325,2336,2601,2594,2749,2766,2796,2838,2843,2900,2913,2943,3034,3071,3127,3238,3251,3284,3377,3477,3525,3624,3764,3775,Antioquia,15
50,1846,1928,1810,1809,1981,1980,1981,2089,2108,2128,2351,2428,2284,2326,2569,2525,2536,2602,2630,2670,2674,2728,2740,2768,2853,2888,2941,3045,3057,3088,3175,3269,3314,3407,3538,3549,Antioquia,16
51,3556,3667,3379,3728,3759,3939,4072,4223,4047,4306,4605,4770,4536,4735,5051,5081,5340,5606,5666,5752,5761,5877,5903,5964,6148,6222,6336,6560,6587,6653,6841,7044,7142,7343,7626,7649,Antioquia,17
52,149,154,239,236,136,191,160,166,149,95,122,114,111,130,101,115,111,145,147,149,149,152,153,155,160,162,165,171,172,174,179,184,187,192,199,200,Atlantico,1
53,70,44,77,74,66,64,87,33,61,35,45,56,59,55,33,50,46,51,52,53,53,54,54,55,57,58,59,61,61,62,64,66,67,69,72,72,Atlantico,2
54,47,50,54,67,56,45,74,72,54,49,53,55,65,63,54,58,45,61,62,63,63,64,64,65,67,68,69,71,71,72,74,76,77,79,82,82,Atlantico,3
55,96,115,109,134,115,110,119,81,151,71,106,164,161,165,182,137,88,149,151,153,153,156,157,159,164,166,169,175,176,178,183,188,191,196,204,205,Atlantico,4
56,184,157,171,187,132,153,195,151,219,112,138,239,215,243,253,222,178,273,276,280,280,286,287,290,299,303,309,320,321,324,333,343,348,358,372,373,Atlantico,5
57,173,187,158,183,184,173,173,165,235,123,149,215,254,230,239,222,154,242,245,249,249,254,255,258,266,269,274,284,285,288,296,305,309,318,330,331,Atlantico,6
58,146,148,129,190,137,171,201,173,219,142,187,229,266,245,268,226,177,268,271,275,275,281,282,285,294,298,303,314,315,318,327,337,342,352,366,367,Atlantico,7
59,132,146,136,182,166,158,197,143,218,161,193,252,260,240,266,239,187,287,290,294,294,300,301,304,313,317,323,334,335,338,348,358,363,373,387,388,Atlantico,8
60,122,104,119,130,155,195,197,188,216,176,197,242,209,249,230,268,202,307,310,315,316,322,323,326,336,340,346,358,359,363,373,384,389,400,415,416,Atlantico,9
61,187,144,192,184,189,189,197,202,230,175,218,219,250,263,258,268,186,288,291,295,295,301,302,305,314,318,324,335,336,339,349,359,364,374,388,389,Atlantico,10
62,247,196,200,233,238,238,279,272,274,269,238,255,263,269,303,299,261,342,346,351,352,359,361,365,376,381,388,402,404,408,420,432,438,450,467,468,Atlantico,11
63,308,295,318,338,273,303,315,317,355,340,353,331,352,351,328,324,274,328,332,337,338,345,347,351,362,366,373,386,388,392,403,415,421,433,450,451,Atlantico,12
64,357,331,366,402,392,409,444,444,442,443,421,465,394,443,433,461,379,534,540,548,549,560,563,569,587,594,605,626,629,635,653,672,681,700,727,729,Atlantico,13
65,427,394,461,481,461,477,502,488,540,526,595,572,536,561,564,565,480,654,661,671,672,686,689,696,717,726,739,765,768,776,798,822,833,856,889,892,Atlantico,14
66,449,449,499,520,512,501,588,567,648,639,628,641,641,605,687,770,643,717,725,736,737,752,755,763,787,797,812,841,844,852,876,902,915,941,977,980,Atlantico,15
67,479,460,564,565,567,540,630,618,613,660,674,725,719,685,682,752,658,842,851,864,865,882,886,895,923,934,951,985,989,999,1027,1058,1073,1103,1145,1148,Atlantico,16
68,1095,966,1099,1260,1151,1262,1298,1332,1367,1367,1377,1619,1424,1373,1549,1713,1547,1898,1918,1947,1950,1989,1998,2019,2081,2106,2145,2221,2230,2252,2316,2385,2418,2486,2582,2590,Atlantico,17
69,579,473,480,443,466,413,470,560,506,457,435,353,377,371,369,344,326,277,280,284,284,290,291,294,303,307,313,324,325,328,337,347,352,362,376,377,Bogota,1
70,233,210,204,189,228,201,191,219,215,182,199,157,133,159,162,155,143,158,160,162,162,165,166,168,173,175,178,184,185,187,192,198,201,207,215,216,Bogota,2
71,200,180,177,175,181,189,214,211,228,241,235,180,163,179,195,173,159,155,157,159,159,162,163,165,170,172,175,181,182,184,189,195,198,204,212,213,Bogota,3
72,489,444,469,439,530,547,564,699,767,854,855,621,491,670,647,625,592,545,551,559,560,571,574,580,598,605,616,638,641,647,665,685,695,715,743,745,Bogota,4
73,872,813,813,775,889,910,1029,1119,1353,1348,1194,893,664,976,996,996,953,846,855,868,869,887,891,900,928,939,956,990,994,1004,1032,1063,1078,1108,1151,1154,Bogota,5
74,878,767,818,758,983,986,1149,1190,1310,1343,1185,926,642,909,961,882,822,748,756,767,768,784,788,796,821,831,846,876,880,889,914,941,954,981,1019,1022,Bogota,6
75,738,677,672,703,875,880,997,1091,1177,1191,1112,884,690,948,902,891,811,733,741,752,753,768,771,779,803,813,828,857,861,870,895,922,935,961,998,1001,Bogota,7
76,695,588,680,630,774,778,883,995,1084,1077,1046,851,681,856,854,863,875,837,846,859,860,877,881,890,917,928,945,978,982,992,1020,1050,1065,1095,1137,1140,Bogota,8
77,607,539,582,552,687,737,827,823,940,952,948,799,664,908,963,894,960,932,942,956,958,977,981,991,1022,1034,1053,1090,1094,1105,1136,1170,1186,1219,1266,1270,Bogota,9
78,750,688,725,586,822,727,825,819,908,969,905,838,764,907,1023,990,1065,935,945,959,961,980,984,994,1025,1037,1056,1093,1097,1108,1139,1173,1189,1223,1270,1274,Bogota,10
79,1001,819,867,810,991,992,957,1027,1038,1118,1033,967,908,1082,1029,1116,1148,1125,1137,1154,1156,1179,1184,1196,1233,1248,1271,1316,1321,1334,1372,1413,1433,1473,1530,1535,Bogota,11
80,1252,1128,1147,1057,1172,1182,1217,1265,1276,1296,1248,1122,1134,1256,1227,1283,1239,1326,1340,1360,1362,1390,1396,1411,1454,1472,1499,1552,1558,1574,1619,1667,1690,1738,1805,1810,Bogota,12
81,1497,1172,1270,1315,1478,1614,1591,1705,1725,1668,1585,1530,1479,1514,1743,1659,1592,1645,1663,1688,1691,1725,1733,1751,1805,1827,1860,1926,1934,1953,2008,2068,2097,2156,2239,2246,Bogota,13
82,1784,1556,1611,1491,1697,1707,1767,1798,1888,1964,1944,1935,1881,2007,2084,2043,1953,2061,2083,2115,2118,2161,2171,2194,2262,2289,2331,2414,2424,2448,2517,2592,2628,2702,2806,2814,Bogota,14
83,2053,1639,1781,1668,1958,2001,1902,2129,2259,2217,2081,2087,2010,2229,2335,2396,2686,2687,2716,2757,2761,2817,2830,2859,2947,2983,3038,3146,3159,3191,3281,3378,3425,3522,3658,3669,Bogota,15
84,1902,1717,1742,1805,1954,2091,2001,2104,2261,2309,2261,2355,2191,2220,2449,2426,2521,2608,2636,2676,2680,2734,2746,2775,2860,2895,2948,3052,3065,3096,3184,3279,3325,3419,3551,3562,Bogota,16
85,2936,2616,2721,2822,3165,3400,3551,3708,4049,4174,4226,4321,4189,4116,4885,4853,5256,5590,5650,5736,5745,5861,5887,5948,6131,6205,6319,6543,6570,6636,6824,7027,7125,7326,7608,7631,Bogota,17
86,118,107,195,163,126,153,112,121,116,90,104,96,117,136,119,147,133,110,111,113,113,115,116,117,121,122,124,128,129,130,134,138,140,144,150,150,Bolivar,1
87,35,42,63,58,50,38,37,33,39,46,38,43,39,39,61,46,49,58,59,60,60,61,61,62,64,65,66,68,68,69,71,73,74,76,79,79,Bolivar,2
88,47,38,51,43,45,43,51,43,33,35,49,46,52,48,57,52,35,52,53,54,54,55,55,56,58,59,60,62,62,63,65,67,68,70,73,73,Bolivar,3
89,78,76,99,105,89,98,76,85,73,84,74,104,84,99,127,131,100,134,135,137,137,140,141,142,146,148,151,156,157,159,163,168,170,175,182,183,Bolivar,4
90,116,90,132,133,122,120,132,110,111,135,131,129,170,167,202,192,163,192,194,197,197,201,202,204,210,213,217,225,226,228,234,241,244,251,261,262,Bolivar,5
91,88,80,114,131,125,108,127,85,122,123,132,120,166,171,202,190,142,198,200,203,203,207,208,210,216,219,223,231,232,234,241,248,251,258,268,269,Bolivar,6
92,79,78,107,91,110,123,120,100,107,133,155,139,150,140,195,191,128,199,201,204,204,208,209,211,217,220,224,232,233,235,242,249,252,259,269,270,Bolivar,7
93,108,87,118,140,126,123,126,105,111,128,125,140,158,160,183,198,136,194,196,199,199,203,204,206,212,215,219,227,228,230,237,244,247,254,264,265,Bolivar,8
94,94,68,114,116,114,124,132,120,109,125,123,120,138,156,188,194,153,242,245,249,249,254,255,258,266,269,274,284,285,288,296,305,309,318,330,331,Bolivar,9
95,103,110,146,126,133,116,106,126,103,106,161,113,144,168,192,189,126,182,184,187,187,191,192,194,200,202,206,213,214,216,222,229,232,239,248,249,Bolivar,10
96,158,99,137,160,152,147,170,158,144,162,173,189,159,159,224,207,168,231,233,237,237,242,243,246,254,257,262,271,272,275,283,291,295,303,315,316,Bolivar,11
97,166,162,193,196,219,209,172,183,184,189,181,196,215,188,240,254,185,255,258,262,262,267,268,271,279,282,287,297,298,301,310,319,323,332,345,346,Bolivar,12
98,187,177,217,240,249,270,247,261,250,262,275,248,255,303,327,345,309,320,323,328,329,336,338,342,353,357,364,377,379,383,394,406,412,424,440,441,Bolivar,13
99,249,200,283,331,308,274,297,273,303,312,317,351,337,351,394,384,334,390,394,400,401,409,411,415,428,433,441,457,459,464,477,491,498,512,532,534,Bolivar,14
100,284,240,301,350,307,364,345,370,356,381,394,389,370,368,505,457,423,492,497,505,506,516,518,523,539,546,556,576,578,584,601,619,628,646,671,673,Bolivar,15
101,272,256,338,393,331,367,372,374,335,365,396,445,424,434,456,513,394,512,517,525,526,537,539,545,562,569,579,599,601,607,624,643,652,670,696,698,Bolivar,16
102,685,607,803,839,805,776,841,882,767,891,811,920,967,770,1025,1151,937,1182,1195,1213,1215,1240,1246,1259,1298,1314,1338,1385,1391,1405,1445,1488,1509,1552,1612,1617,Bolivar,17
103,251,246,246,207,197,174,151,167,158,122,112,97,101,127,110,104,86,85,86,87,87,89,89,90,93,94,96,99,99,100,103,106,107,110,114,114,Boyaca,1
104,119,90,98,104,85,77,71,78,69,62,67,42,50,64,48,60,50,33,33,34,34,35,35,35,36,36,37,38,38,38,39,40,41,42,44,44,Boyaca,2
105,86,94,90,71,68,99,63,75,52,63,64,70,66,58,56,53,50,52,53,54,54,55,55,56,58,59,60,62,62,63,65,67,68,70,73,73,Boyaca,3
106,169,165,187,248,170,156,158,174,139,129,129,108,139,136,118,128,120,142,144,146,146,149,150,152,157,159,162,168,169,171,176,181,184,189,196,197,Boyaca,4
107,209,232,252,204,226,208,213,194,226,179,167,190,146,147,175,182,177,176,178,181,181,185,186,188,194,196,200,207,208,210,216,222,225,231,240,241,Boyaca,5
108,192,206,199,195,191,172,181,183,192,161,174,152,149,153,156,155,151,178,180,183,183,187,188,190,196,198,202,209,210,212,218,224,227,233,242,243,Boyaca,6
109,175,172,160,149,166,174,189,152,181,145,154,115,166,132,149,163,144,194,196,199,199,203,204,206,212,215,219,227,228,230,237,244,247,254,264,265,Boyaca,7
110,189,168,182,152,192,144,140,189,159,143,160,139,153,139,137,145,147,188,190,193,193,197,198,200,206,208,212,220,221,223,229,236,239,246,255,256,Boyaca,8
111,161,159,164,227,154,178,178,184,162,159,158,177,154,133,160,176,188,206,208,211,211,215,216,218,225,228,232,240,241,243,250,257,261,268,278,279,Boyaca,9
112,230,213,225,205,212,194,165,167,190,157,175,172,179,154,160,206,190,195,197,200,200,204,205,207,213,216,220,228,229,231,238,245,248,255,265,266,Boyaca,10
113,279,243,315,263,249,236,241,253,231,225,242,183,216,193,196,219,199,250,253,257,257,262,263,266,274,277,282,292,293,296,304,313,317,326,339,340,Boyaca,11
114,361,393,363,324,339,312,332,293,311,271,297,302,302,239,255,249,231,249,252,256,256,261,262,265,273,276,281,291,292,295,303,312,316,325,338,339,Boyaca,12
115,487,408,432,404,431,424,439,503,404,405,405,399,374,335,402,351,357,360,364,370,371,378,380,384,396,401,408,422,424,428,440,453,459,472,490,491,Boyaca,13
116,563,540,564,588,569,534,469,488,521,471,517,565,511,484,511,521,426,482,487,494,495,505,507,512,528,534,544,563,565,571,587,604,612,629,653,655,Boyaca,14
117,754,672,603,685,653,676,665,697,714,656,625,615,604,573,683,679,628,679,686,696,697,711,714,721,743,752,766,793,796,804,827,852,864,888,922,925,Boyaca,15
118,780,680,643,744,699,730,694,709,753,669,729,759,793,621,774,725,714,733,741,752,753,768,771,779,803,813,828,857,861,870,895,922,935,961,998,1001,Boyaca,16
119,1341,1198,1190,1358,1158,1325,1313,1275,1417,1401,1395,1547,1461,1318,1532,1522,1466,1711,1729,1755,1758,1794,1802,1821,1877,1900,1935,2003,2011,2031,2088,2150,2180,2241,2327,2334,Boyaca,17
120,188,184,177,147,118,114,96,112,90,87,80,59,70,74,78,78,64,56,57,58,58,59,59,60,62,63,64,66,66,67,69,71,72,74,77,77,Caldas,1
121,72,59,78,52,64,37,51,53,35,32,41,46,31,31,44,30,28,27,27,27,27,28,28,28,29,29,30,31,31,31,32,33,33,34,35,35,Caldas,2
122,51,48,56,57,45,59,58,43,25,51,44,34,30,51,46,44,41,37,37,38,38,39,39,39,40,40,41,42,42,42,43,44,45,46,48,48,Caldas,3
123,136,125,109,135,134,152,111,132,106,130,137,164,150,187,196,190,183,228,230,233,233,238,239,241,248,251,256,265,266,269,277,285,289,297,308,309,Caldas,4
124,156,177,179,217,256,205,225,217,205,184,199,158,192,203,266,247,288,337,341,346,347,354,356,360,371,375,382,396,398,402,413,425,431,443,460,461,Caldas,5
125,192,195,184,295,258,202,221,210,160,223,210,174,230,205,252,235,274,243,246,250,250,255,256,259,267,270,275,285,286,289,297,306,310,319,331,332,Caldas,6
126,152,181,191,214,218,218,202,204,179,208,202,215,197,221,263,244,244,240,243,247,247,252,253,256,264,267,272,282,283,286,294,303,307,316,328,329,Caldas,7
127,160,175,165,205,207,187,196,198,183,198,214,187,196,187,260,250,241,259,262,266,266,271,272,275,283,286,291,301,302,305,314,323,327,336,349,350,Caldas,8
128,158,167,175,174,159,155,195,179,166,191,178,183,230,202,245,236,246,241,244,248,248,253,254,257,265,268,273,283,284,287,295,304,308,317,329,330,Caldas,9
129,191,212,177,194,222,182,178,184,170,187,200,208,230,219,215,278,270,241,244,248,248,253,254,257,265,268,273,283,284,287,295,304,308,317,329,330,Caldas,10
130,264,249,266,247,282,218,261,255,217,246,267,226,217,251,245,231,260,259,262,266,266,271,272,275,283,286,291,301,302,305,314,323,327,336,349,350,Caldas,11
131,327,329,333,318,320,326,272,263,294,254,291,298,311,279,312,293,293,282,285,289,289,295,296,299,308,312,318,329,330,333,342,352,357,367,381,382,Caldas,12
132,410,369,401,433,440,443,428,382,384,367,432,395,400,404,443,430,443,417,421,427,428,437,439,444,458,464,472,489,491,496,510,525,532,547,568,570,Caldas,13
133,464,416,450,480,489,479,420,463,445,452,528,551,544,500,609,548,573,522,528,536,537,548,550,556,573,580,591,612,615,621,639,658,667,686,712,714,Caldas,14
134,513,441,456,467,491,498,504,535,509,521,588,570,619,624,646,648,613,656,663,673,674,688,691,698,719,728,741,767,770,778,800,824,835,859,892,895,Caldas,15
135,436,455,432,535,457,492,449,447,484,501,534,612,565,579,679,653,612,672,679,689,690,704,707,714,736,745,759,786,789,797,820,844,856,880,914,917,Caldas,16
136,811,721,657,782,875,815,828,871,869,798,960,1031,1004,1003,1188,1217,1231,1228,1241,1260,1262,1287,1293,1306,1346,1362,1387,1436,1442,1456,1497,1541,1562,1606,1668,1673,Caldas,17
137,113,128,125,87,93,75,67,71,64,68,71,52,40,75,58,57,78,59,60,61,61,62,62,63,65,66,67,69,69,70,72,74,75,77,80,80,Caqueta,1
138,39,39,27,21,18,33,27,16,29,24,27,13,29,25,32,32,23,26,26,26,26,27,27,27,28,28,29,30,30,30,31,32,32,33,34,34,Caqueta,2
139,27,23,21,37,23,23,23,20,22,18,17,15,22,37,35,33,23,26,26,26,26,27,27,27,28,28,29,30,30,30,31,32,32,33,34,34,Caqueta,3
140,49,47,65,48,51,49,42,41,43,45,72,47,89,102,92,87,84,115,116,118,118,120,121,122,126,128,130,135,136,137,141,145,147,151,157,157,Caqueta,4
141,82,73,91,77,67,78,88,100,74,65,89,83,103,216,154,142,193,236,239,243,243,248,249,252,260,263,268,277,278,281,289,298,302,311,323,324,Caqueta,5
142,56,48,104,86,89,54,69,78,65,69,103,92,90,138,147,137,126,190,192,195,195,199,200,202,208,211,215,223,224,226,232,239,242,249,259,260,Caqueta,6
143,46,45,70,41,56,49,77,64,78,59,67,60,68,122,123,87,102,161,163,165,165,168,169,171,176,178,181,187,188,190,195,201,204,210,218,219,Caqueta,7
144,41,46,55,65,49,63,60,48,49,56,44,50,67,106,86,100,113,128,129,131,131,134,135,136,140,142,145,150,151,153,157,162,164,169,176,177,Caqueta,8
145,30,27,43,37,39,39,42,44,47,36,47,54,46,80,92,86,83,116,117,119,119,121,122,123,127,129,131,136,137,138,142,146,148,152,158,158,Caqueta,9
146,50,32,50,39,42,26,46,39,39,39,49,38,41,79,68,84,65,86,87,88,88,90,90,91,94,95,97,100,100,101,104,107,108,111,115,115,Caqueta,10
147,38,28,50,48,60,70,47,57,43,42,49,40,54,67,81,68,71,79,80,81,81,83,83,84,87,88,90,93,93,94,97,100,101,104,108,108,Caqueta,11
148,56,46,68,64,60,57,37,58,49,61,64,62,59,62,73,51,72,76,77,78,78,80,80,81,83,84,86,89,89,90,93,96,97,100,104,104,Caqueta,12
149,65,51,57,63,47,75,52,60,66,83,65,62,58,65,94,80,78,78,79,80,80,82,82,83,86,87,89,92,92,93,96,99,100,103,107,107,Caqueta,13
150,59,58,69,77,48,45,63,66,65,70,78,64,73,86,103,112,85,87,88,89,89,91,91,92,95,96,98,101,101,102,105,108,110,113,117,117,Caqueta,14
151,74,57,46,77,71,63,79,82,76,77,107,55,82,98,114,122,127,105,106,108,108,110,110,111,114,115,117,121,121,122,125,129,131,135,140,140,Caqueta,15
152,56,47,52,80,65,79,67,82,62,72,77,67,72,75,108,119,114,121,122,124,124,127,128,129,133,135,137,142,143,144,148,152,154,158,164,164,Caqueta,16
153,76,78,93,100,95,85,111,126,118,110,116,114,124,176,177,196,198,202,204,207,207,211,212,214,221,224,228,236,237,239,246,253,257,264,274,275,Caqueta,17
154,512,463,497,346,329,255,242,182,162,133,146,120,133,181,178,154,156,155,157,159,159,162,163,165,170,172,175,181,182,184,189,195,198,204,212,213,Cauca,1
155,120,100,109,118,98,75,72,58,60,39,36,58,42,55,67,45,72,59,60,61,61,62,62,63,65,66,67,69,69,70,72,74,75,77,80,80,Cauca,2
156,93,80,86,66,84,58,59,51,56,52,52,47,54,70,58,61,72,62,63,64,64,65,65,66,68,69,70,72,72,73,75,77,78,80,83,83,Cauca,3
157,184,167,207,150,165,141,159,132,136,99,107,123,137,204,215,220,248,211,213,216,216,220,221,223,230,233,237,245,246,248,255,263,267,275,286,287,Cauca,4
158,313,241,266,286,262,185,233,189,190,168,158,133,151,206,235,259,355,307,310,315,316,322,323,326,336,340,346,358,359,363,373,384,389,400,415,416,Cauca,5
159,266,249,251,251,254,203,187,194,163,176,167,143,154,197,196,245,244,251,254,258,258,263,264,267,275,278,283,293,294,297,305,314,318,327,340,341,Cauca,6
160,192,165,207,175,177,169,212,172,166,177,126,122,133,197,183,216,218,200,202,205,205,209,210,212,219,222,226,234,235,237,244,251,254,261,271,272,Cauca,7
161,217,189,200,205,192,181,210,163,167,147,131,139,142,184,209,196,208,173,175,178,178,182,183,185,191,193,197,204,205,207,213,219,222,228,237,238,Cauca,8
162,218,176,214,190,169,156,155,144,138,131,119,131,136,151,178,183,189,204,206,209,209,213,214,216,223,226,230,238,239,241,248,255,259,266,276,277,Cauca,9
163,247,229,251,216,217,181,200,148,143,125,123,120,154,166,190,203,205,190,192,195,195,199,200,202,208,211,215,223,224,226,232,239,242,249,259,260,Cauca,10
164,274,253,264,245,237,199,197,191,159,186,130,138,153,167,212,201,213,198,200,203,203,207,208,210,216,219,223,231,232,234,241,248,251,258,268,269,Cauca,11
165,302,302,316,277,270,217,238,235,220,205,186,208,188,202,245,227,206,203,205,208,208,212,213,215,222,225,229,237,238,240,247,254,258,265,275,276,Cauca,12
166,390,308,379,280,309,298,272,303,306,270,247,264,240,264,330,310,289,295,298,303,303,309,310,313,323,327,333,345,346,349,359,370,375,386,401,402,Cauca,13
167,390,365,382,374,325,330,312,275,329,308,267,283,273,359,395,384,377,350,354,359,360,367,369,373,384,389,396,410,412,416,428,441,447,460,478,479,Cauca,14
168,427,360,417,377,368,307,417,345,337,332,313,348,318,384,460,420,440,445,450,457,458,467,469,474,489,495,504,522,524,529,544,560,568,584,606,608,Cauca,15
169,433,378,446,432,439,364,387,357,369,308,350,344,351,409,430,462,419,387,391,397,398,406,408,412,425,430,438,454,456,461,474,488,495,509,529,531,Cauca,16
170,729,670,798,707,680,654,739,638,692,626,632,772,717,859,900,931,975,920,930,944,946,965,969,979,1009,1021,1040,1077,1081,1092,1123,1156,1172,1205,1251,1255,Cauca,17
171,89,76,75,67,56,50,51,35,39,37,27,24,32,64,63,68,75,78,79,80,80,82,82,83,86,87,89,92,92,93,96,99,100,103,107,107,Cesar,1
172,39,38,34,35,32,34,29,25,19,21,20,16,24,25,30,29,26,28,28,28,28,29,29,29,30,30,31,32,32,32,33,34,34,35,36,36,Cesar,2
173,31,35,28,30,30,30,26,40,36,30,24,17,14,21,21,36,31,32,32,32,32,33,33,33,34,34,35,36,36,36,37,38,39,40,42,42,Cesar,3
174,63,64,68,79,63,61,67,56,62,86,48,51,40,53,72,87,80,117,118,120,120,122,123,124,128,130,132,137,138,139,143,147,149,153,159,159,Cesar,4
175,112,101,98,118,101,118,133,120,130,141,104,93,75,88,122,159,141,224,226,229,229,234,235,237,244,247,252,261,262,265,272,280,284,292,303,304,Cesar,5
176,93,105,129,93,115,110,110,147,132,140,106,113,78,96,126,163,152,220,222,225,225,230,231,233,240,243,247,256,257,260,267,275,279,287,298,299,Cesar,6
177,78,70,76,84,91,94,103,81,118,124,84,81,80,84,115,166,148,197,199,202,202,206,207,209,215,218,222,230,231,233,240,247,250,257,267,268,Cesar,7
178,77,100,99,84,71,84,85,98,89,92,93,101,80,76,113,157,152,182,184,187,187,191,192,194,200,202,206,213,214,216,222,229,232,239,248,249,Cesar,8
179,69,70,65,72,65,69,84,78,110,89,113,75,55,82,85,120,133,163,165,168,168,171,172,174,179,181,184,191,192,194,199,205,208,214,222,223,Cesar,9
180,93,92,76,98,61,82,67,84,103,87,84,77,44,74,102,110,97,146,148,150,150,153,154,156,161,163,166,172,173,175,180,185,188,193,200,201,Cesar,10
181,71,71,76,84,88,96,89,77,78,102,94,88,76,75,93,109,122,155,157,159,159,162,163,165,170,172,175,181,182,184,189,195,198,204,212,213,Cesar,11
182,85,89,86,77,93,79,110,86,97,101,108,100,71,82,103,127,123,134,135,137,137,140,141,142,146,148,151,156,157,159,163,168,170,175,182,183,Cesar,12
183,98,93,82,87,108,124,103,110,138,135,121,108,72,117,131,178,144,201,203,206,206,210,211,213,220,223,227,235,236,238,245,252,256,263,273,274,Cesar,13
184,89,126,96,136,104,130,125,112,130,134,104,138,97,140,147,139,163,203,205,208,208,212,213,215,222,225,229,237,238,240,247,254,258,265,275,276,Cesar,14
185,124,115,116,123,121,147,133,148,134,163,123,144,106,135,146,187,198,220,222,225,225,230,231,233,240,243,247,256,257,260,267,275,279,287,298,299,Cesar,15
186,102,102,93,136,124,125,136,132,139,146,141,129,95,133,178,200,165,223,225,228,228,233,234,236,243,246,251,260,261,264,271,279,283,291,302,303,Cesar,16
187,203,186,215,247,204,249,249,295,266,289,275,251,201,278,274,336,369,409,413,419,420,428,430,434,447,452,460,476,478,483,497,512,519,534,555,557,Cesar,17
188,63,72,68,37,59,62,66,60,40,30,30,31,31,103,94,118,111,80,81,82,82,84,84,85,88,89,91,94,94,95,98,101,102,105,109,109,Cordoba,1
189,28,44,37,24,25,19,21,24,13,21,19,17,16,35,45,57,42,43,43,44,44,45,45,45,46,47,48,50,50,50,51,53,54,56,58,58,Cordoba,2
190,21,29,30,30,22,34,35,27,26,23,30,25,26,48,47,42,43,46,46,47,47,48,48,48,49,50,51,53,53,54,56,58,59,61,63,63,Cordoba,3
191,51,61,61,52,62,71,56,58,48,51,47,60,46,80,131,107,114,106,107,109,109,111,111,112,115,116,118,122,123,124,128,132,134,138,143,143,Cordoba,4
192,78,90,90,97,90,113,94,93,102,91,66,76,75,130,137,170,145,167,169,172,172,175,176,178,183,185,188,195,196,198,204,210,213,219,227,228,Cordoba,5
193,66,81,77,99,70,101,103,99,80,67,74,103,82,124,127,158,112,136,137,139,139,142,143,144,148,150,153,158,159,161,166,171,173,178,185,186,Cordoba,6
194,48,88,71,93,84,125,98,92,80,69,68,97,74,101,126,151,134,141,143,145,145,148,149,151,156,158,161,167,168,170,175,180,183,188,195,196,Cordoba,7
195,62,80,72,86,94,87,85,89,97,68,82,92,86,112,136,149,137,146,148,150,150,153,154,156,161,163,166,172,173,175,180,185,188,193,200,201,Cordoba,8
196,62,78,67,58,50,101,84,93,70,68,75,88,72,116,114,126,140,154,156,158,158,161,162,164,169,171,174,180,181,183,188,194,197,203,211,212,Cordoba,9
197,82,97,83,78,78,105,75,88,76,75,77,97,108,121,126,145,132,124,125,127,127,130,131,132,136,138,141,146,147,148,152,157,159,163,169,170,Cordoba,10
198,94,103,91,102,107,98,108,106,102,94,99,103,100,133,156,132,176,157,159,161,161,164,165,167,172,174,177,183,184,186,191,197,200,206,214,215,Cordoba,11
199,116,103,103,122,126,103,104,118,103,125,101,128,128,138,143,161,135,164,166,169,169,172,173,175,180,182,185,192,193,195,201,207,210,216,224,225,Cordoba,12
200,157,167,128,136,141,161,182,180,158,161,143,159,153,201,244,230,249,262,265,269,269,274,275,278,287,290,295,305,306,309,318,327,332,341,354,355,Cordoba,13
201,167,158,168,174,146,188,172,199,176,168,191,210,184,262,261,276,237,315,318,323,324,331,332,335,345,349,355,368,370,374,385,396,402,413,429,430,Cordoba,14
202,155,210,175,178,201,210,257,258,219,233,207,219,236,296,333,329,339,341,345,350,351,358,360,364,375,380,387,401,403,407,419,431,437,449,466,467,Cordoba,15
203,175,190,208,213,191,255,227,224,217,194,266,224,280,319,330,326,372,342,346,351,352,359,361,365,376,381,388,402,404,408,420,432,438,450,467,468,Cordoba,16
204,447,461,453,388,429,529,540,578,487,515,492,536,541,656,710,817,887,856,865,878,879,897,901,910,938,949,966,1000,1004,1014,1043,1074,1089,1120,1163,1166,Cordoba,17
205,295,242,291,294,217,204,191,190,206,194,158,155,160,150,129,131,111,143,145,147,147,150,151,153,158,160,163,169,170,172,177,182,185,190,197,198,Cundinamarca,1
206,90,100,121,94,78,84,84,97,83,56,66,75,86,84,61,81,67,81,82,83,83,85,85,86,89,90,92,95,95,96,99,102,103,106,110,110,Cundinamarca,2
207,110,94,91,87,81,83,81,97,95,90,73,64,73,78,60,64,67,92,93,94,94,96,96,97,100,101,103,107,107,108,111,114,116,119,124,124,Cundinamarca,3
208,238,182,185,150,160,172,169,190,224,189,174,173,194,171,178,202,192,259,262,266,266,271,272,275,283,286,291,301,302,305,314,323,327,336,349,350,Cundinamarca,4
209,288,259,245,292,246,264,244,282,352,238,254,229,240,255,258,271,288,381,385,391,392,400,402,406,419,424,432,447,449,453,466,480,487,501,520,522,Cundinamarca,5
210,232,207,214,217,210,271,228,296,358,262,245,250,230,289,212,291,279,333,337,342,343,350,352,356,367,371,378,391,393,397,408,420,426,438,455,456,Cundinamarca,6
211,216,188,186,232,231,186,277,248,305,260,254,224,268,229,207,287,270,333,337,342,343,350,352,356,367,371,378,391,393,397,408,420,426,438,455,456,Cundinamarca,7
212,214,182,205,227,230,205,246,234,272,255,217,261,270,260,253,255,298,377,381,387,388,396,398,402,414,419,427,442,444,448,461,475,482,496,515,517,Cundinamarca,8
213,231,207,202,210,214,212,202,253,294,236,230,228,236,257,264,281,287,302,305,310,310,316,317,320,330,334,340,352,353,357,367,378,383,394,409,410,Cundinamarca,9
214,309,235,205,243,242,247,237,244,258,236,236,245,260,263,275,330,296,387,391,397,398,406,408,412,425,430,438,454,456,461,474,488,495,509,529,531,Cundinamarca,10
215,352,333,340,322,302,333,338,352,342,299,326,262,318,286,274,361,341,374,378,384,385,393,395,399,411,416,424,439,441,445,458,472,479,493,512,514,Cundinamarca,11
216,508,438,410,409,411,410,384,399,389,373,405,376,370,361,350,416,409,475,480,487,488,498,500,505,521,527,537,556,558,564,580,597,605,622,646,648,Cundinamarca,12
217,637,550,568,649,570,560,575,602,638,592,615,554,545,473,524,541,544,658,665,675,676,690,693,700,722,731,744,770,773,781,803,827,838,862,895,898,Cundinamarca,13
218,806,706,611,687,625,661,671,719,752,703,769,825,723,663,691,758,789,803,812,824,825,842,846,855,881,892,908,940,944,953,980,1009,1023,1052,1093,1096,Cundinamarca,14
219,1008,813,804,812,854,844,880,920,996,848,838,873,880,798,835,960,1013,1098,1110,1127,1129,1152,1157,1169,1205,1220,1242,1286,1291,1304,1341,1381,1400,1439,1494,1498,Cundinamarca,15
220,1009,856,846,888,962,946,946,918,985,929,1016,1022,968,938,938,985,1032,1156,1168,1186,1188,1212,1217,1230,1268,1283,1306,1352,1358,1372,1411,1453,1473,1515,1573,1578,Cundinamarca,16
221,1663,1507,1485,1515,1562,1631,1684,1757,1892,1925,1911,2010,2001,1846,1919,2076,2260,2520,2547,2586,2590,2642,2654,2682,2765,2798,2849,2950,2962,2992,3077,3168,3212,3303,3430,3440,Cundinamarca,17
222,122,111,126,73,97,67,81,84,63,52,63,50,86,89,31,61,68,65,66,67,67,68,68,69,71,72,73,76,76,77,79,81,82,84,87,87,Choco,1
223,33,31,33,26,30,27,19,12,13,24,32,18,40,39,12,18,31,23,23,23,23,23,23,23,24,24,24,25,25,25,26,27,27,28,29,29,Choco,2
224,24,26,29,16,23,10,12,16,23,24,11,12,29,31,24,16,29,30,30,30,30,31,31,31,32,32,33,34,34,34,35,36,37,38,39,39,Choco,3
225,41,47,33,40,28,28,32,31,38,31,25,25,48,39,29,46,38,50,51,52,52,53,53,54,56,57,58,60,60,61,63,65,66,68,71,71,Choco,4
226,45,48,46,65,60,50,41,47,45,25,44,30,49,50,42,52,65,62,63,64,64,65,65,66,68,69,70,72,72,73,75,77,78,80,83,83,Choco,5
227,62,37,57,48,43,47,40,38,42,37,32,30,53,46,33,36,56,54,55,56,56,57,57,58,60,61,62,64,64,65,67,69,70,72,75,75,Choco,6
228,35,42,31,45,28,34,22,34,27,43,31,25,59,48,32,48,46,45,45,46,46,47,47,47,48,49,50,52,52,53,54,56,57,59,61,61,Choco,7
229,36,41,27,40,30,35,27,25,28,43,32,40,61,45,28,60,46,46,46,47,47,48,48,48,49,50,51,53,53,54,56,58,59,61,63,63,Choco,8
230,27,29,24,29,33,31,19,36,30,43,28,34,51,54,36,56,51,42,42,43,43,44,44,44,45,46,47,49,49,49,50,51,52,53,55,55,Choco,9
231,38,34,36,34,26,25,30,21,26,32,29,31,35,33,30,40,40,34,34,35,35,36,36,36,37,37,38,39,39,39,40,41,42,43,45,45,Choco,10
232,52,48,43,38,40,39,29,39,40,35,36,28,34,36,36,30,50,33,33,34,34,35,35,35,36,36,37,38,38,38,39,40,41,42,44,44,Choco,11
233,50,56,45,49,36,43,39,33,28,47,44,39,44,52,40,42,46,44,44,45,45,46,46,46,47,48,49,51,51,52,53,55,56,58,60,60,Choco,12
234,42,64,59,50,49,69,52,40,42,51,44,42,58,61,60,62,66,66,67,68,68,69,69,70,72,73,74,77,77,78,80,82,83,85,88,88,Choco,13
235,53,56,61,49,68,52,45,46,49,50,53,61,57,67,63,73,88,69,70,71,71,72,72,73,75,76,77,80,80,81,83,85,86,88,91,91,Choco,14
236,60,69,52,43,55,53,46,48,46,63,60,61,73,57,81,85,87,104,105,107,107,109,109,110,113,114,116,120,120,121,124,128,130,134,139,139,Choco,15
237,57,57,43,52,57,45,56,48,41,44,65,61,61,66,74,69,73,78,79,80,80,82,82,83,86,87,89,92,92,93,96,99,100,103,107,107,Choco,16
238,132,127,94,89,102,107,117,101,94,115,112,132,110,157,138,150,161,164,166,169,169,172,173,175,180,182,185,192,193,195,201,207,210,216,224,225,Choco,17
239,254,171,186,134,128,154,128,134,126,104,112,90,111,111,86,98,90,95,96,97,97,99,99,100,103,104,106,110,110,111,114,117,119,122,127,127,Huila,1
240,66,53,71,60,45,47,46,58,42,33,41,31,45,46,33,54,46,45,45,46,46,47,47,47,48,49,50,52,52,53,54,56,57,59,61,61,Huila,2
241,44,49,58,45,51,44,40,41,40,45,34,23,46,48,50,43,55,50,51,52,52,53,53,54,56,57,58,60,60,61,63,65,66,68,71,71,Huila,3
242,95,88,97,98,96,82,99,116,103,81,98,110,117,144,123,133,136,176,178,181,181,185,186,188,194,196,200,207,208,210,216,222,225,231,240,241,Huila,4
243,152,130,145,147,132,125,157,178,122,129,104,114,150,183,172,181,204,246,249,253,253,258,259,262,270,273,278,288,289,292,300,309,313,322,334,335,Huila,5
244,149,112,120,161,130,88,137,161,118,103,108,119,128,166,176,185,173,221,223,226,226,231,232,234,241,244,248,257,258,261,268,276,280,288,299,300,Huila,6
245,132,84,116,119,116,110,133,135,116,111,106,102,131,157,156,150,163,189,191,194,194,198,199,201,207,210,214,222,223,225,231,238,241,248,258,259,Huila,7
246,114,113,102,117,108,94,150,120,107,98,115,106,130,145,146,164,177,190,192,195,195,199,200,202,208,211,215,223,224,226,232,239,242,249,259,260,Huila,8
247,109,104,92,77,90,97,86,98,120,103,95,98,136,148,130,167,160,178,180,183,183,187,188,190,196,198,202,209,210,212,218,224,227,233,242,243,Huila,9
248,137,102,125,105,102,115,103,117,100,109,126,99,117,153,154,149,183,173,175,178,178,182,183,185,191,193,197,204,205,207,213,219,222,228,237,238,Huila,10
249,148,170,158,126,143,128,128,160,128,126,134,103,140,145,153,166,184,169,171,174,174,178,179,181,187,189,192,199,200,202,208,214,217,223,232,233,Huila,11
250,191,175,177,158,181,170,146,179,175,155,144,178,169,164,205,184,212,193,195,198,198,202,203,205,211,214,218,226,227,229,235,242,245,252,262,263,Huila,12
251,265,225,250,230,208,232,235,216,252,240,205,213,232,220,272,239,255,249,252,256,256,261,262,265,273,276,281,291,292,295,303,312,316,325,338,339,Huila,13
252,331,259,258,246,316,247,279,278,268,260,278,256,296,311,308,320,325,329,333,338,339,346,348,352,363,367,374,387,389,393,404,416,422,434,451,452,Huila,14
253,342,303,300,328,324,357,313,317,345,323,319,303,367,330,376,368,434,414,418,424,425,434,436,441,455,461,469,486,488,493,507,522,529,544,565,567,Huila,15
254,353,318,342,319,338,311,280,343,360,349,353,384,354,399,392,376,410,439,444,451,452,461,463,468,482,488,497,515,517,522,537,553,561,577,599,601,Huila,16
255,686,590,658,597,623,629,631,679,657,642,723,677,814,761,849,884,984,963,973,988,990,1010,1015,1026,1058,1071,1091,1130,1135,1146,1178,1213,1230,1265,1314,1318,Huila,17
256,39,46,24,30,29,38,30,30,25,29,37,44,28,65,60,56,62,71,72,73,73,74,74,75,77,78,79,82,82,83,85,88,89,92,96,96,Guajira,1
257,18,16,9,12,6,14,16,17,12,13,19,17,13,19,11,15,14,19,19,19,19,19,19,19,20,20,20,21,21,21,22,23,23,24,25,25,Guajira,2
258,18,6,4,4,7,16,14,16,10,9,14,6,9,9,20,19,18,21,21,21,21,21,21,21,22,22,22,23,23,23,24,25,25,26,27,27,Guajira,3
259,23,36,30,21,28,26,34,33,26,35,35,32,23,36,38,51,18,44,44,45,45,46,46,46,47,48,49,51,51,52,53,55,56,58,60,60,Guajira,4
260,60,52,62,41,53,51,61,74,60,54,45,57,36,44,65,79,33,85,86,87,87,89,89,90,93,94,96,99,99,100,103,106,107,110,114,114,Guajira,5
261,59,53,51,34,52,44,73,53,56,61,57,45,45,57,71,92,43,101,102,104,104,106,106,107,110,111,113,117,117,118,121,125,127,131,136,136,Guajira,6
262,39,33,43,28,34,48,56,43,50,54,64,40,48,54,69,72,41,91,92,93,93,95,95,96,99,100,102,106,106,107,110,113,115,118,123,123,Guajira,7
263,34,28,26,26,30,35,53,52,46,44,54,57,45,47,58,69,42,88,89,90,90,92,92,93,96,97,99,103,103,104,107,110,112,115,119,119,Guajira,8
264,23,23,22,24,26,27,36,32,34,42,31,41,38,44,57,56,35,82,83,84,84,86,86,87,90,91,93,96,96,97,100,103,104,107,111,111,Guajira,9
265,22,17,23,24,25,24,44,21,25,38,38,39,38,39,62,51,41,51,52,53,53,54,54,55,57,58,59,61,61,62,64,66,67,69,72,72,Guajira,10
266,21,18,30,28,20,28,31,33,28,32,39,28,33,42,44,48,38,65,66,67,67,68,68,69,71,72,73,76,76,77,79,81,82,84,87,87,Guajira,11
267,27,25,36,22,26,37,51,34,32,53,44,57,29,32,48,59,39,45,45,46,46,47,47,47,48,49,50,52,52,53,54,56,57,59,61,61,Guajira,12
268,34,28,26,28,39,34,55,41,38,41,50,45,37,37,66,84,57,51,52,53,53,54,54,55,57,58,59,61,61,62,64,66,67,69,72,72,Guajira,13
269,38,31,26,33,34,45,31,50,39,60,50,64,30,48,61,60,37,55,56,57,57,58,58,59,61,62,63,65,65,66,68,70,71,73,76,76,Guajira,14
270,41,25,31,28,44,57,45,46,60,61,67,40,56,55,58,68,57,67,68,69,69,70,70,71,73,74,75,78,78,79,81,83,84,86,89,89,Guajira,15
271,34,42,36,42,46,33,47,40,46,53,60,51,55,62,77,65,58,68,69,70,70,71,71,72,74,75,76,79,79,80,82,84,85,87,90,90,Guajira,16
272,86,79,90,98,107,108,123,124,105,139,153,138,142,171,148,154,179,178,180,183,183,187,188,190,196,198,202,209,210,212,218,224,227,233,242,243,Guajira,17
273,74,89,94,86,44,56,34,45,29,31,35,31,41,87,84,85,53,95,96,97,97,99,99,100,103,104,106,110,110,111,114,117,119,122,127,127,Magdalena,1
274,32,29,33,30,22,20,21,27,19,14,13,28,25,40,33,23,31,33,33,34,34,35,35,35,36,36,37,38,38,38,39,40,41,42,44,44,Magdalena,2
275,18,25,26,26,27,17,24,15,18,14,20,20,19,38,34,36,24,42,42,43,43,44,44,44,45,46,47,49,49,49,50,51,52,53,55,55,Magdalena,3
276,51,52,54,44,43,43,37,49,48,52,47,59,64,104,79,101,75,128,129,131,131,134,135,136,140,142,145,150,151,153,157,162,164,169,176,177,Magdalena,4
277,74,84,82,75,70,58,77,71,88,59,73,109,82,158,171,182,115,222,224,227,227,232,233,235,242,245,249,258,259,262,269,277,281,289,300,301,Magdalena,5
278,89,69,80,75,73,94,87,81,87,69,83,108,117,147,140,170,139,178,180,183,183,187,188,190,196,198,202,209,210,212,218,224,227,233,242,243,Magdalena,6
279,71,81,79,71,63,74,62,75,104,72,74,77,94,140,133,169,133,197,199,202,202,206,207,209,215,218,222,230,231,233,240,247,250,257,267,268,Magdalena,7
280,79,73,91,84,70,55,63,69,94,66,75,100,96,145,140,161,119,156,158,160,160,163,164,166,171,173,176,182,183,185,190,196,199,205,213,214,Magdalena,8
281,57,51,52,58,63,66,62,58,69,54,81,84,94,135,130,146,104,176,178,181,181,185,186,188,194,196,200,207,208,210,216,222,225,231,240,241,Magdalena,9
282,70,64,84,63,79,71,63,61,60,68,77,73,96,122,163,141,92,149,151,153,153,156,157,159,164,166,169,175,176,178,183,188,191,196,204,205,Magdalena,10
283,74,71,101,91,69,82,89,67,61,67,91,84,66,106,124,142,100,162,164,166,166,169,170,172,177,179,182,188,189,191,196,202,205,211,219,220,Magdalena,11
284,83,73,97,118,79,78,81,86,103,93,93,90,87,134,165,164,79,149,151,153,153,156,157,159,164,166,169,175,176,178,183,188,191,196,204,205,Magdalena,12
285,110,119,123,154,121,138,112,105,115,118,127,106,108,189,195,193,139,198,200,203,203,207,208,210,216,219,223,231,232,234,241,248,251,258,268,269,Magdalena,13
286,169,105,133,150,135,152,136,101,135,123,130,141,139,194,244,223,144,258,261,265,265,270,271,274,282,285,290,300,301,304,313,322,326,335,348,349,Magdalena,14
287,160,155,173,191,172,178,150,153,139,167,145,147,151,242,276,288,184,307,310,315,316,322,323,326,336,340,346,358,359,363,373,384,389,400,415,416,Magdalena,15
288,151,166,198,178,189,169,151,162,157,164,160,169,124,236,262,271,179,316,319,324,325,332,333,336,346,350,356,369,371,375,386,397,403,414,430,431,Magdalena,16
289,345,339,387,435,393,390,425,311,377,331,371,378,338,521,623,659,481,741,749,760,761,776,779,787,811,821,836,866,870,879,904,931,944,971,1008,1011,Magdalena,17
290,136,115,153,91,92,74,96,102,83,76,63,71,75,86,75,67,65,60,61,62,62,63,63,64,66,67,68,70,70,71,73,75,76,78,81,81,Meta,1
291,56,50,50,34,46,24,39,34,40,36,40,25,34,39,39,26,31,35,35,36,36,37,37,37,38,38,39,40,40,40,41,42,43,44,46,46,Meta,2
292,54,34,31,80,26,33,29,32,17,18,30,30,28,39,36,39,33,47,48,49,49,50,50,51,53,54,55,57,57,58,60,62,63,65,68,68,Meta,3
293,77,64,82,96,70,66,62,74,87,61,47,73,87,89,89,124,108,120,121,123,123,125,126,127,131,133,135,140,141,142,146,150,152,156,162,162,Meta,4
294,144,140,137,136,126,135,150,144,133,114,114,113,117,198,160,145,178,180,182,185,185,189,190,192,198,200,204,211,212,214,220,227,230,236,245,246,Meta,5
295,114,121,148,103,107,113,129,145,115,102,118,121,133,154,141,138,190,206,208,211,211,215,216,218,225,228,232,240,241,243,250,257,261,268,278,279,Meta,6
296,106,86,108,96,101,99,114,109,126,85,94,105,100,158,149,137,176,164,166,169,169,172,173,175,180,182,185,192,193,195,201,207,210,216,224,225,Meta,7
297,105,96,99,86,97,93,86,122,112,115,105,105,124,140,114,137,159,167,169,172,172,175,176,178,183,185,188,195,196,198,204,210,213,219,227,228,Meta,8
298,100,79,87,141,84,68,102,102,100,96,96,101,95,115,115,128,133,137,138,140,140,143,144,145,149,151,154,159,160,162,167,172,174,179,186,187,Meta,9
299,101,73,100,60,83,90,94,93,92,90,86,99,101,139,133,147,160,142,144,146,146,149,150,152,157,159,162,168,169,171,176,181,184,189,196,197,Meta,10
300,118,103,125,100,101,103,118,96,115,100,102,87,115,140,143,127,161,182,184,187,187,191,192,194,200,202,206,213,214,216,222,229,232,239,248,249,Meta,11
301,129,126,133,100,125,114,140,130,130,134,126,136,122,166,173,160,144,184,186,189,189,193,194,196,202,204,208,215,216,218,224,231,234,241,250,251,Meta,12
302,157,103,120,124,146,146,161,153,181,187,163,181,191,178,207,213,214,218,220,223,223,228,229,231,238,241,245,254,255,258,265,273,277,285,296,297,Meta,13
303,162,133,176,145,150,144,145,159,196,177,185,203,197,234,237,223,270,296,299,304,304,310,311,314,324,328,334,346,347,350,360,371,376,387,402,403,Meta,14
304,152,133,138,148,141,145,194,190,180,187,204,173,212,254,265,298,286,295,298,303,303,309,310,313,323,327,333,345,346,349,359,370,375,386,401,402,Meta,15
305,118,118,134,138,148,126,140,153,166,163,206,206,201,238,252,275,270,248,251,255,255,260,261,264,272,275,280,290,291,294,302,311,315,324,336,337,Meta,16
306,173,187,231,161,212,215,267,248,272,275,285,295,310,338,415,476,537,494,499,507,508,518,520,525,541,548,558,578,580,586,603,621,630,648,673,675,Meta,17
307,349,287,317,241,216,200,213,189,170,124,103,110,96,84,85,89,89,110,111,113,113,115,116,117,121,122,124,128,129,130,134,138,140,144,150,150,Narino,1
308,99,95,112,86,69,53,92,68,48,60,41,53,55,42,48,44,31,53,54,55,55,56,56,57,59,60,61,63,63,64,66,68,69,71,74,74,Narino,2
309,67,65,71,64,70,55,67,54,51,48,34,51,43,39,44,45,44,51,52,53,53,54,54,55,57,58,59,61,61,62,64,66,67,69,72,72,Narino,3
310,136,123,154,126,108,117,116,109,106,98,110,116,117,135,136,175,184,181,183,186,186,190,191,193,199,201,205,212,213,215,221,228,231,238,247,248,Narino,4
311,148,144,176,159,172,139,185,171,142,135,132,156,156,168,182,207,171,301,304,309,309,315,316,319,329,333,339,351,352,356,366,377,382,393,408,409,Narino,5
312,168,123,153,143,188,134,185,161,139,126,116,149,135,145,166,232,170,223,225,228,228,233,234,236,243,246,251,260,261,264,271,279,283,291,302,303,Narino,6
313,139,104,122,133,127,110,162,120,112,126,133,131,139,132,157,194,161,183,185,188,188,192,193,195,201,203,207,214,215,217,223,230,233,240,249,250,Narino,7
314,132,132,145,173,139,103,141,146,129,121,108,136,147,128,151,192,135,198,200,203,203,207,208,210,216,219,223,231,232,234,241,248,251,258,268,269,Narino,8
315,154,116,144,152,133,131,159,143,134,113,132,140,127,117,136,166,135,185,187,190,190,194,195,197,203,205,209,216,217,219,225,232,235,242,251,252,Narino,9
316,169,144,167,161,161,150,162,148,143,153,115,151,151,149,149,206,133,197,199,202,202,206,207,209,215,218,222,230,231,233,240,247,250,257,267,268,Narino,10
317,166,157,202,185,197,160,174,174,158,167,115,158,147,165,175,185,156,201,203,206,206,210,211,213,220,223,227,235,236,238,245,252,256,263,273,274,Narino,11
318,236,200,266,212,204,207,202,228,193,165,199,215,199,170,214,212,124,196,198,201,201,205,206,208,214,217,221,229,230,232,239,246,249,256,266,267,Narino,12
319,301,223,316,264,307,238,287,276,288,266,279,242,279,237,244,236,234,263,266,270,270,275,276,279,288,291,296,306,307,310,319,328,333,342,355,356,Narino,13
320,377,285,374,353,311,311,279,333,307,325,302,357,346,275,326,359,275,343,347,352,353,360,362,366,377,382,389,403,405,409,421,434,440,452,469,470,Narino,14
321,453,396,427,429,417,367,443,424,438,416,392,425,390,319,331,436,365,515,521,529,530,541,543,549,566,573,583,604,606,612,629,648,657,676,702,704,Narino,15
322,456,409,477,473,560,417,467,489,448,432,447,500,495,410,449,470,409,451,456,463,464,473,475,480,495,501,510,528,530,535,550,566,574,590,613,615,Narino,16
323,969,823,1056,995,1024,967,1123,1134,1012,1002,1083,1144,1190,840,979,1155,861,1260,1273,1292,1294,1320,1326,1340,1381,1398,1424,1474,1480,1495,1537,1583,1605,1650,1714,1719,Narino,17
324,224,243,221,166,164,177,145,175,128,126,122,114,113,148,103,99,107,87,88,89,89,91,91,92,95,96,98,101,101,102,105,108,110,113,117,117,NorteSantander,1
325,75,84,82,68,60,69,66,60,70,55,51,52,54,54,59,39,50,44,44,45,45,46,46,46,47,48,49,51,51,52,53,55,56,58,60,60,NorteSantander,2
326,60,57,50,68,44,53,61,53,61,50,59,39,40,55,48,44,59,45,45,46,46,47,47,47,48,49,50,52,52,53,54,56,57,59,61,61,NorteSantander,3
327,104,139,134,142,135,137,136,158,152,136,145,162,155,170,196,240,205,280,283,287,287,293,294,297,306,310,316,327,328,331,340,350,355,365,379,380,NorteSantander,4
328,162,207,237,222,224,215,225,251,247,219,249,256,252,221,232,331,334,484,489,496,497,507,509,514,530,536,546,565,567,573,589,606,614,631,655,657,NorteSantander,5
329,173,208,232,246,228,227,245,298,266,216,237,240,250,255,340,336,325,453,458,465,466,475,477,482,497,503,512,530,532,537,552,568,576,592,615,617,NorteSantander,6
330,158,168,176,202,178,218,210,251,230,244,232,228,241,193,235,284,292,335,339,344,345,352,354,358,369,373,380,393,395,399,410,422,428,440,457,458,NorteSantander,7
331,157,187,165,188,165,197,191,236,204,230,232,241,236,208,243,258,258,357,361,366,367,374,376,380,392,397,404,418,420,424,436,449,455,468,486,487,NorteSantander,8
332,141,136,139,156,171,180,158,181,183,182,204,226,209,163,241,267,285,310,313,318,319,325,326,329,339,343,349,361,362,366,376,387,392,403,419,420,NorteSantander,9
333,193,201,187,181,184,184,173,182,194,190,176,223,198,220,222,244,240,277,280,284,284,290,291,294,303,307,313,324,325,328,337,347,352,362,376,377,NorteSantander,10
334,195,213,218,214,188,195,237,242,220,228,221,233,192,209,204,259,245,304,307,312,312,318,319,322,332,336,342,354,355,359,369,380,385,396,411,412,NorteSantander,11
335,221,262,219,261,258,223,235,276,244,259,282,279,263,228,277,277,269,284,287,291,291,297,298,301,310,314,320,331,332,335,344,354,359,369,383,384,NorteSantander,12
336,301,342,318,327,331,333,321,382,302,343,356,365,345,351,351,385,364,364,368,374,375,383,385,389,401,406,413,428,430,434,446,459,465,478,496,497,NorteSantander,13
337,362,347,335,377,362,376,342,387,387,413,427,468,433,384,428,439,453,434,439,446,447,456,458,463,477,483,492,509,511,516,531,547,555,571,593,595,NorteSantander,14
338,449,442,373,476,447,468,488,458,463,469,467,468,469,418,459,523,526,529,535,543,544,555,557,563,580,587,598,619,622,628,646,665,674,693,720,722,NorteSantander,15
339,361,468,415,441,430,442,453,504,481,495,470,595,505,440,510,559,531,529,535,543,544,555,557,563,580,587,598,619,622,628,646,665,674,693,720,722,NorteSantander,16
340,712,738,708,815,711,831,759,895,872,971,1071,1075,1018,899,1188,1140,1098,1136,1148,1165,1167,1191,1196,1208,1245,1260,1283,1328,1333,1346,1384,1425,1445,1486,1543,1548,NorteSantander,17
341,67,64,62,50,52,52,31,32,39,41,41,35,40,42,81,33,25,21,21,21,21,21,21,21,22,22,22,23,23,23,24,25,25,26,27,27,Quindio,1
342,32,24,16,27,22,18,15,22,25,14,18,20,22,24,85,8,16,14,14,14,14,14,14,14,14,14,14,14,14,14,14,14,14,14,15,15,Quindio,2
343,26,19,17,18,17,23,14,17,20,18,17,20,15,19,89,19,16,21,21,21,21,21,21,21,22,22,22,23,23,23,24,25,25,26,27,27,Quindio,3
344,50,41,52,52,56,36,40,44,49,74,57,55,74,72,116,111,94,63,64,65,65,66,66,67,69,70,71,74,74,75,77,79,80,82,85,85,Quindio,4
345,63,63,80,109,67,95,66,82,71,84,87,82,91,105,131,130,142,102,103,105,105,107,107,108,111,112,114,118,118,119,122,126,128,132,137,137,Quindio,5
346,83,59,76,84,74,100,82,85,98,100,113,103,105,99,162,112,112,117,118,120,120,122,123,124,128,130,132,137,138,139,143,147,149,153,159,159,Quindio,6
347,73,59,76,81,99,81,79,80,78,108,103,105,102,98,153,121,114,101,102,104,104,106,106,107,110,111,113,117,117,118,121,125,127,131,136,136,Quindio,7
348,65,65,79,70,90,84,71,89,85,110,122,115,116,108,170,139,142,113,114,116,116,118,119,120,124,126,128,133,134,135,139,143,145,149,155,155,Quindio,8
349,65,62,69,66,80,74,68,76,82,93,106,113,110,95,150,131,132,121,122,124,124,127,128,129,133,135,137,142,143,144,148,152,154,158,164,164,Quindio,9
350,93,68,79,90,95,81,65,85,102,77,101,128,126,129,156,144,134,119,120,122,122,124,125,126,130,132,134,139,140,141,145,149,151,155,161,161,Quindio,10
351,116,98,114,121,100,109,89,99,104,135,131,105,116,120,167,141,151,123,124,126,126,129,130,131,135,137,140,145,146,147,151,155,157,161,167,168,Quindio,11
352,118,134,153,147,135,121,104,112,128,140,182,163,134,166,209,148,157,137,138,140,140,143,144,145,149,151,154,159,160,162,167,172,174,179,186,187,Quindio,12
353,185,146,156,185,190,182,152,174,228,198,208,194,202,224,265,225,245,183,185,188,188,192,193,195,201,203,207,214,215,217,223,230,233,240,249,250,Quindio,13
354,199,186,219,215,219,219,205,192,197,231,252,278,294,292,347,290,255,276,279,283,283,289,290,293,302,306,312,323,324,327,336,346,351,361,375,376,Quindio,14
355,246,169,185,231,203,209,217,197,247,261,303,276,272,312,338,356,393,364,368,374,375,383,385,389,401,406,413,428,430,434,446,459,465,478,496,497,Quindio,15
356,191,150,179,226,217,176,186,182,213,240,246,306,331,299,354,294,346,329,333,338,339,346,348,352,363,367,374,387,389,393,404,416,422,434,451,452,Quindio,16
357,310,241,314,308,319,325,339,322,416,378,487,501,488,508,595,600,587,556,562,571,572,584,587,593,611,618,629,651,654,661,680,700,710,730,758,760,Quindio,17
358,145,122,125,102,105,99,94,89,59,48,65,79,64,64,75,57,42,74,75,76,76,78,78,79,81,82,84,87,87,88,90,93,94,97,101,101,Risaralda,1
359,50,52,52,36,49,41,39,36,47,35,28,32,19,36,38,27,33,28,28,28,28,29,29,29,30,30,31,32,32,32,33,34,34,35,36,36,Risaralda,2
360,36,32,36,39,41,41,47,33,40,29,36,37,34,52,37,29,30,42,42,43,43,44,44,44,45,46,47,49,49,49,50,51,52,53,55,55,Risaralda,3
361,77,101,92,114,108,103,115,105,100,103,112,138,171,187,169,185,170,181,183,186,186,190,191,193,199,201,205,212,213,215,221,228,231,238,247,248,Risaralda,4
362,124,166,176,200,192,191,220,200,201,146,180,168,207,215,246,252,261,286,289,293,293,299,300,303,312,316,322,333,334,337,347,357,362,372,386,387,Risaralda,5
363,135,174,184,215,240,223,217,195,210,148,177,164,204,242,219,211,222,227,229,232,232,237,238,240,247,250,255,264,265,268,276,284,288,296,307,308,Risaralda,6
364,139,150,167,186,226,203,215,181,192,153,200,178,173,202,207,225,242,230,232,236,236,241,242,245,253,256,261,270,271,274,282,290,294,302,314,315,Risaralda,7
365,134,133,174,176,186,175,197,198,230,149,183,178,204,190,219,206,224,203,205,208,208,212,213,215,222,225,229,237,238,240,247,254,258,265,275,276,Risaralda,8
366,120,128,135,164,175,165,161,178,162,137,161,186,236,199,238,200,215,216,218,221,221,225,226,228,235,238,242,251,252,255,262,270,274,282,293,294,Risaralda,9
367,163,148,175,176,171,171,174,142,191,163,181,169,214,198,230,230,250,206,208,211,211,215,216,218,225,228,232,240,241,243,250,257,261,268,278,279,Risaralda,10
368,203,198,197,199,207,191,176,205,226,184,196,201,221,203,234,224,252,233,235,239,239,244,245,248,256,259,264,273,274,277,285,293,297,305,317,318,Risaralda,11
369,249,248,276,242,250,234,243,228,234,272,250,257,268,275,267,254,259,247,250,254,254,259,260,263,271,274,279,289,290,293,301,310,314,323,335,336,Risaralda,12
370,293,290,265,337,316,327,337,324,360,321,327,346,344,342,378,370,392,402,406,412,413,421,423,427,440,445,453,469,471,476,489,504,511,525,545,547,Risaralda,13
371,320,320,343,341,363,354,332,322,370,390,453,434,433,462,431,436,439,433,438,445,446,455,457,462,476,482,491,508,510,515,530,546,554,570,592,594,Risaralda,14
372,344,308,314,333,382,396,351,382,400,424,414,413,443,513,500,527,534,537,543,551,552,563,566,572,590,597,608,630,633,639,657,677,686,705,732,734,Risaralda,15
373,303,316,302,357,365,351,338,365,402,375,423,457,441,471,483,439,482,502,507,515,516,526,528,533,549,556,566,586,588,594,611,629,638,656,681,683,Risaralda,16
374,465,479,482,542,560,566,612,651,622,639,726,770,738,797,904,869,833,942,952,966,968,988,992,1002,1033,1045,1064,1102,1107,1118,1150,1184,1200,1234,1282,1286,Risaralda,17
375,263,289,242,213,185,216,201,146,185,164,150,131,112,140,121,125,101,106,107,109,109,111,111,112,115,116,118,122,123,124,128,132,134,138,143,143,Santander,1
376,112,126,89,92,85,70,88,71,76,82,65,62,61,67,70,76,69,73,74,75,75,77,77,78,80,81,82,85,85,86,88,91,92,95,99,99,Santander,2
377,101,83,111,107,90,66,77,81,75,63,89,63,86,72,73,72,80,73,74,75,75,77,77,78,80,81,82,85,85,86,88,91,92,95,99,99,Santander,3
378,180,203,177,228,144,151,189,210,205,215,188,188,205,218,170,242,265,205,207,210,210,214,215,217,224,227,231,239,240,242,249,256,260,267,277,278,Santander,4
379,264,304,301,363,310,287,360,397,332,331,278,295,337,295,321,326,344,318,321,326,327,334,336,339,349,353,359,372,374,378,389,401,407,418,434,435,Santander,5
380,254,271,290,343,287,295,347,373,330,270,283,305,318,311,305,332,308,291,294,298,298,304,305,308,317,321,327,339,340,343,353,363,368,378,393,394,Santander,6
381,225,255,237,294,278,247,303,309,334,272,274,278,291,278,263,315,325,299,302,307,307,313,314,317,327,331,337,349,350,354,364,375,380,391,406,407,Santander,7
382,246,213,260,309,234,274,289,310,277,255,275,254,268,268,265,316,305,303,306,311,311,317,318,321,331,335,341,353,354,358,368,379,384,395,410,411,Santander,8
383,271,256,231,271,275,238,253,297,266,264,254,253,269,287,313,328,309,283,286,290,290,296,297,300,309,313,319,330,331,334,343,353,358,368,382,383,Santander,9
384,291,322,288,342,302,260,291,312,297,274,324,291,291,313,330,320,365,367,371,377,378,386,388,392,404,409,416,431,433,437,449,462,468,481,500,502,Santander,10
385,387,367,365,364,329,362,370,359,348,361,357,355,390,316,379,400,408,420,424,430,431,440,442,447,461,467,476,493,495,500,514,529,536,551,572,574,Santander,11
386,463,499,405,474,436,423,437,451,432,429,441,455,445,451,471,469,477,474,479,486,487,497,499,504,520,526,536,555,557,563,579,596,604,621,645,647,Santander,12
387,623,581,498,499,549,579,599,630,570,597,627,582,566,594,613,563,587,594,600,609,610,622,625,632,651,659,671,695,698,705,725,747,757,778,808,810,Santander,13
388,739,748,623,694,623,654,610,683,654,670,758,742,712,723,756,714,691,785,793,805,806,822,826,835,861,871,887,918,922,931,957,985,999,1027,1067,1070,Santander,14
389,826,813,738,785,769,761,789,876,819,843,865,918,818,819,927,936,987,977,987,1002,1004,1024,1029,1040,1072,1085,1105,1144,1149,1160,1193,1228,1245,1280,1329,1333,Santander,15
390,808,771,731,807,824,811,817,853,929,923,969,921,879,918,951,988,978,993,1004,1019,1021,1042,1047,1058,1091,1104,1124,1164,1169,1181,1214,1250,1267,1303,1353,1357,Santander,16
391,1344,1353,1234,1397,1378,1365,1579,1600,1675,1679,1695,1812,1769,1666,2153,2064,2220,2216,2240,2274,2278,2324,2334,2358,2431,2460,2505,2594,2605,2631,2705,2785,2824,2904,3016,3025,Santander,17
392,48,42,44,38,39,45,28,52,22,25,31,32,24,46,49,66,40,30,30,30,30,31,31,31,32,32,33,34,34,34,35,36,37,38,39,39,Sucre,1
393,24,20,17,11,20,20,11,16,10,22,17,14,10,17,30,29,17,21,21,21,21,21,21,21,22,22,22,23,23,23,24,25,25,26,27,27,Sucre,2
394,19,12,17,11,13,24,18,19,13,17,17,27,10,17,23,22,20,24,24,24,24,24,24,24,25,25,25,26,26,26,27,28,28,29,30,30,Sucre,3
395,25,34,33,42,32,30,28,26,26,24,16,24,22,37,54,59,39,61,62,63,63,64,64,65,67,68,69,71,71,72,74,76,77,79,82,82,Sucre,4
396,32,38,44,35,38,40,45,32,67,37,31,33,35,53,70,86,66,90,91,92,92,94,94,95,98,99,101,105,105,106,109,112,114,117,122,122,Sucre,5
397,28,38,36,41,37,42,36,32,42,52,36,34,42,75,66,83,53,82,83,84,84,86,86,87,90,91,93,96,96,97,100,103,104,107,111,111,Sucre,6
398,27,26,34,46,23,35,49,31,42,47,36,49,38,70,78,90,63,80,81,82,82,84,84,85,88,89,91,94,94,95,98,101,102,105,109,109,Sucre,7
399,35,36,39,48,43,40,49,26,44,29,54,47,45,59,70,106,54,91,92,93,93,95,95,96,99,100,102,106,106,107,110,113,115,118,123,123,Sucre,8
400,50,32,47,50,37,35,51,38,53,43,31,38,47,73,69,104,58,75,76,77,77,79,79,80,82,83,85,88,88,89,92,95,96,99,103,103,Sucre,9
401,48,39,45,62,46,40,39,39,62,52,41,40,61,66,58,95,68,85,86,87,87,89,89,90,93,94,96,99,99,100,103,106,107,110,114,114,Sucre,10
402,50,47,63,47,63,48,58,44,75,67,52,70,68,69,75,94,68,72,73,74,74,75,75,76,78,79,80,83,83,84,86,89,90,93,97,97,Sucre,11
403,66,81,83,72,81,69,69,71,67,69,85,82,78,67,105,116,72,87,88,89,89,91,91,92,95,96,98,101,101,102,105,108,110,113,117,117,Sucre,12
404,86,84,94,88,101,107,88,77,99,93,92,106,76,94,146,136,112,148,150,152,152,155,156,158,163,165,168,174,175,177,182,187,190,195,203,204,Sucre,13
405,94,114,113,98,105,95,105,100,141,112,137,125,100,134,148,175,129,147,149,151,151,154,155,157,162,164,167,173,174,176,181,186,189,194,201,202,Sucre,14
406,118,127,131,118,148,156,155,150,155,156,157,147,128,151,191,229,167,203,205,208,208,212,213,215,222,225,229,237,238,240,247,254,258,265,275,276,Sucre,15
407,119,120,140,142,152,134,136,130,156,133,169,151,163,157,216,230,160,216,218,221,221,225,226,228,235,238,242,251,252,255,262,270,274,282,293,294,Sucre,16
408,316,292,329,352,341,340,367,400,307,352,385,402,379,347,474,544,457,570,576,585,586,598,601,607,626,634,646,669,672,679,698,719,729,750,779,781,Sucre,17
409,207,194,238,166,198,165,161,173,137,132,135,118,145,131,128,134,133,123,124,126,126,129,130,131,135,137,140,145,146,147,151,155,157,161,167,168,Tolima,1
410,83,79,86,73,77,74,59,64,55,68,67,44,58,72,70,60,55,71,72,73,73,74,74,75,77,78,79,82,82,83,85,88,89,92,96,96,Tolima,2
411,88,77,52,61,51,58,73,64,45,63,51,60,51,51,53,62,69,58,59,60,60,61,61,62,64,65,66,68,68,69,71,73,74,76,79,79,Tolima,3
412,142,143,135,128,138,129,126,141,120,156,137,150,133,169,142,162,210,189,191,194,194,198,199,201,207,210,214,222,223,225,231,238,241,248,258,259,Tolima,4
413,208,169,202,191,204,206,213,210,233,203,179,159,187,229,211,239,243,247,250,254,254,259,260,263,271,274,279,289,290,293,301,310,314,323,335,336,Tolima,5
414,181,200,195,190,159,201,190,203,203,202,186,179,186,193,222,239,241,220,222,225,225,230,231,233,240,243,247,256,257,260,267,275,279,287,298,299,Tolima,6
415,174,167,183,168,169,165,177,218,213,190,177,145,180,233,215,238,247,227,229,232,232,237,238,240,247,250,255,264,265,268,276,284,288,296,307,308,Tolima,7
416,188,137,201,182,157,192,219,217,190,160,198,193,189,216,207,223,246,240,243,247,247,252,253,256,264,267,272,282,283,286,294,303,307,316,328,329,Tolima,8
417,194,148,153,161,156,185,206,205,155,200,164,179,202,190,211,235,255,243,246,250,250,255,256,259,267,270,275,285,286,289,297,306,310,319,331,332,Tolima,9
418,214,208,218,201,193,171,199,182,220,220,215,210,183,211,251,260,286,248,251,255,255,260,261,264,272,275,280,290,291,294,302,311,315,324,336,337,Tolima,10
419,274,249,248,241,236,243,262,258,238,268,260,218,262,264,260,276,306,300,303,308,308,314,315,318,328,332,338,350,351,355,365,376,381,392,407,408,Tolima,11
420,306,333,363,339,352,328,324,331,302,284,339,288,337,316,377,351,325,331,335,340,341,348,350,354,365,369,376,389,391,395,406,418,424,436,453,454,Tolima,12
421,423,368,398,432,415,454,450,435,454,417,480,389,414,405,446,439,489,472,477,484,485,495,497,502,517,523,533,552,554,560,576,593,601,618,642,644,Tolima,13
422,482,517,467,523,455,487,524,435,548,518,557,586,569,527,609,617,614,618,625,634,635,648,651,658,678,686,699,724,727,734,755,777,788,810,841,844,Tolima,14
423,603,517,539,545,559,595,622,620,648,585,615,636,647,638,754,736,778,737,745,756,757,772,775,783,807,817,832,861,865,874,899,926,939,965,1002,1005,Tolima,15
424,531,476,539,631,568,588,592,597,596,624,700,716,667,700,708,728,821,741,749,760,761,776,779,787,811,821,836,866,870,879,904,931,944,971,1008,1011,Tolima,16
425,941,923,892,996,978,1056,1114,1121,1141,1194,1254,1406,1321,1258,1625,1641,1729,1631,1648,1673,1676,1710,1718,1736,1789,1811,1844,1909,1917,1936,1991,2050,2078,2137,2219,2226,Tolima,17
426,2,3,3,2,2,3,3,2,2,3,3,2,2,3,3,2,2,3,3,3,3,3,3,3,3,3,3,3,3,3,3,3,3,3,3,3,unknown location,1
427,2,2,0,2,2,2,0,2,2,2,0,2,2,2,0,2,2,2,2,2,2,2,2,2,2,2,2,2,2,2,2,2,2,2,2,2,unknown location,2
428,2,1,2,0,2,1,2,0,2,1,2,0,2,1,2,0,2,1,1,1,1,1,1,1,1,1,1,1,1,1,1,1,1,1,1,1,unknown location,3
429,5,3,2,1,5,3,2,1,5,3,2,1,5,3,2,1,5,3,3,3,3,3,3,3,3,3,3,3,3,3,3,3,3,3,3,3,unknown location,4
430,7,15,8,15,7,15,8,15,7,15,8,15,7,15,8,15,7,15,15,15,15,15,15,15,15,15,15,16,16,16,16,16,16,16,17,17,unknown location,5
431,10,10,9,20,10,10,9,20,10,10,9,20,10,10,9,20,10,10,10,10,10,10,10,10,10,10,10,10,10,10,10,10,10,10,10,10,unknown location,6
432,13,12,14,19,13,12,14,19,13,12,14,19,13,12,14,19,13,12,12,12,12,12,12,12,12,12,12,12,12,12,12,12,12,12,12,12,unknown location,7
433,10,20,17,17,10,20,17,17,10,20,17,17,10,20,17,17,10,20,20,20,20,20,20,20,21,21,21,22,22,22,23,24,24,25,26,26,unknown location,8
434,14,10,8,15,14,10,8,15,14,10,8,15,14,10,8,15,14,10,10,10,10,10,10,10,10,10,10,10,10,10,10,10,10,10,10,10,unknown location,9
435,18,13,11,19,18,13,11,19,18,13,11,19,18,13,11,19,18,13,13,13,13,13,13,13,13,13,13,13,13,13,13,13,13,13,14,14,unknown location,10
436,9,13,9,21,9,13,9,21,9,13,9,21,9,13,9,21,9,13,13,13,13,13,13,13,13,13,13,13,13,13,13,13,13,13,14,14,unknown location,11
437,8,7,11,13,8,7,11,13,8,7,11,13,8,7,11,13,8,7,7,7,7,7,7,7,7,7,7,7,7,7,7,7,7,7,7,7,unknown location,12
438,7,9,14,7,7,9,14,7,7,9,14,7,7,9,14,7,7,9,9,9,9,9,9,9,9,9,9,9,9,9,9,9,9,9,9,9,unknown location,13
439,12,10,9,9,12,10,9,9,12,10,9,9,12,10,9,9,12,10,10,10,10,10,10,10,10,10,10,10,10,10,10,10,10,10,10,10,unknown location,14
440,12,3,11,7,12,3,11,7,12,3,11,7,12,3,11,7,12,3,3,3,3,3,3,3,3,3,3,3,3,3,3,3,3,3,3,3,unknown location,15
441,6,5,4,6,6,5,4,6,6,5,4,6,6,5,4,6,6,5,5,5,5,5,5,5,5,5,5,5,5,5,5,5,5,5,5,5,unknown location,16
442,8,12,10,6,8,12,10,6,8,12,10,6,8,12,10,6,8,12,12,12,12,12,12,12,12,12,12,12,12,12,12,12,12,12,12,12,unknown location,17
443,589,567,613,486,469,376,376,408,372,353,302,335,313,287,254,248,263,249,252,256,256,261,262,265,273,276,281,291,292,295,303,312,316,325,338,339,Valle,1
444,235,219,249,191,200,199,178,188,167,184,141,152,133,160,120,149,152,155,157,159,159,162,163,165,170,172,175,181,182,184,189,195,198,204,212,213,Valle,2
445,185,164,160,189,194,166,191,186,193,178,186,199,188,177,190,206,182,179,181,184,184,188,189,191,197,199,203,210,211,213,219,226,229,235,244,245,Valle,3
446,527,477,489,476,516,489,616,636,721,882,848,854,703,765,910,908,1042,992,1003,1018,1020,1041,1046,1057,1090,1103,1123,1163,1168,1180,1213,1249,1266,1302,1352,1356,Valle,4
447,798,903,822,815,833,774,1057,1135,1231,1318,1224,1149,954,1059,1212,1305,1386,1397,1412,1433,1435,1464,1471,1486,1532,1551,1579,1635,1642,1658,1705,1756,1780,1830,1900,1906,Valle,5
448,885,898,899,893,866,821,1176,1234,1197,1232,1153,1072,943,1053,1147,1211,1116,1169,1182,1200,1202,1226,1232,1245,1283,1299,1323,1370,1376,1390,1429,1471,1491,1533,1592,1597,Valle,6
449,683,700,791,774,779,744,1002,1122,1127,1157,998,1040,870,946,1059,1070,1125,1058,1069,1085,1087,1109,1114,1126,1161,1175,1197,1239,1244,1256,1292,1330,1348,1386,1439,1443,Valle,7
450,572,629,710,686,708,642,939,967,997,1094,984,921,823,875,977,1030,1014,982,993,1008,1010,1030,1035,1046,1078,1091,1111,1150,1155,1167,1200,1236,1253,1288,1338,1342,Valle,8
451,553,506,689,625,628,608,729,799,813,866,792,837,849,862,1001,974,1009,972,982,997,999,1019,1024,1035,1067,1080,1100,1139,1144,1155,1188,1223,1240,1275,1324,1328,Valle,9
452,651,628,745,754,699,620,742,786,793,749,765,905,830,823,933,1019,996,992,1003,1018,1020,1041,1046,1057,1090,1103,1123,1163,1168,1180,1213,1249,1266,1302,1352,1356,Valle,10
453,825,744,968,921,825,775,914,991,1009,918,905,938,925,923,938,973,1053,1028,1039,1055,1057,1078,1083,1094,1128,1142,1163,1204,1209,1221,1256,1293,1311,1348,1400,1404,Valle,11
454,1010,1013,1189,1094,1091,961,1038,1066,1105,1124,1082,1227,1112,1013,1097,993,1081,1081,1093,1110,1112,1134,1139,1151,1186,1200,1222,1265,1270,1283,1319,1358,1377,1416,1471,1475,Valle,12
455,1219,1150,1378,1386,1308,1282,1453,1406,1494,1457,1463,1474,1419,1376,1534,1488,1530,1453,1469,1491,1493,1523,1530,1546,1594,1613,1643,1701,1708,1725,1774,1827,1852,1904,1977,1983,Valle,13
456,1350,1322,1638,1509,1467,1321,1478,1529,1573,1623,1697,1793,1790,1690,1825,1818,1868,1825,1845,1873,1876,1914,1923,1943,2003,2027,2064,2137,2146,2167,2228,2294,2326,2392,2484,2491,Valle,14
457,1579,1362,1698,1596,1490,1439,1736,1793,1846,1807,1851,1910,1796,1796,1992,2101,2285,2268,2292,2327,2331,2378,2389,2414,2488,2518,2564,2655,2666,2693,2769,2851,2891,2973,3087,3096,Valle,15
458,1433,1403,1661,1599,1581,1549,1575,1672,1711,1639,1811,2036,1838,1910,2099,2023,2137,2087,2109,2141,2144,2187,2197,2220,2288,2316,2358,2441,2451,2476,2546,2622,2658,2733,2838,2847,Valle,16
459,2572,2409,2875,2921,2919,2639,3089,3102,3259,3235,3614,3857,3644,3671,4196,4077,4522,4415,4462,4530,4537,4629,4650,4698,4843,4902,4992,5169,5190,5242,5390,5550,5627,5786,6009,6027,Valle,17
460,33,29,18,15,13,15,24,19,16,23,25,18,22,25,26,31,27,30,30,30,30,31,31,31,32,32,33,34,34,34,35,36,37,38,39,39,Arauca,1
461,12,12,6,9,8,10,11,10,9,11,12,10,8,15,13,25,12,12,12,12,12,12,12,12,12,12,12,12,12,12,12,12,12,12,12,12,Arauca,2
462,6,15,5,4,7,10,8,13,18,9,13,12,9,15,23,14,21,19,19,19,19,19,19,19,20,20,20,21,21,21,22,23,23,24,25,25,Arauca,3
463,15,14,28,17,20,14,27,21,28,26,26,26,29,39,48,42,45,50,51,52,52,53,53,54,56,57,58,60,60,61,63,65,66,68,71,71,Arauca,4
464,43,32,41,46,38,29,52,49,70,86,54,55,84,48,78,55,96,100,101,103,103,105,105,106,109,110,112,116,116,117,120,124,126,130,135,135,Arauca,5
465,30,26,33,20,33,24,49,27,30,41,38,52,46,49,48,62,78,82,83,84,84,86,86,87,90,91,93,96,96,97,100,103,104,107,111,111,Arauca,6
466,36,20,18,28,18,20,25,22,46,40,24,43,39,43,35,50,55,69,70,71,71,72,72,73,75,76,77,80,80,81,83,85,86,88,91,91,Arauca,7
467,21,28,15,30,24,18,26,15,27,23,30,39,36,32,32,41,51,58,59,60,60,61,61,62,64,65,66,68,68,69,71,73,74,76,79,79,Arauca,8
468,30,15,18,14,12,16,24,15,22,23,28,28,34,42,24,30,31,61,62,63,63,64,64,65,67,68,69,71,71,72,74,76,77,79,82,82,Arauca,9
469,29,17,15,22,20,18,22,17,20,24,33,33,40,28,35,35,27,55,56,57,57,58,58,59,61,62,63,65,65,66,68,70,71,73,76,76,Arauca,10
470,25,22,18,25,15,19,27,20,40,23,38,23,36,46,24,26,41,52,53,54,54,55,55,56,58,59,60,62,62,63,65,67,68,70,73,73,Arauca,11
471,24,31,18,12,18,23,19,26,20,29,35,29,29,33,37,34,47,45,45,46,46,47,47,47,48,49,50,52,52,53,54,56,57,59,61,61,Arauca,12
472,31,21,16,22,26,35,29,37,40,35,43,50,41,34,49,47,54,59,60,61,61,62,62,63,65,66,67,69,69,70,72,74,75,77,80,80,Arauca,13
473,20,16,16,22,21,28,22,28,34,33,34,44,59,40,54,57,54,59,60,61,61,62,62,63,65,66,67,69,69,70,72,74,75,77,80,80,Arauca,14
474,28,19,21,22,20,33,26,47,23,46,38,44,45,43,43,68,52,65,66,67,67,68,68,69,71,72,73,76,76,77,79,81,82,84,87,87,Arauca,15
475,18,18,18,20,18,22,20,30,24,39,33,46,40,41,45,52,48,72,73,74,74,75,75,76,78,79,80,83,83,84,86,89,90,93,97,97,Arauca,16
476,31,22,36,28,34,27,36,47,67,71,74,76,84,74,85,86,91,112,113,115,115,117,118,119,123,124,126,130,131,132,136,140,142,146,152,152,Arauca,17
477,36,18,32,21,22,21,22,21,26,30,20,22,18,44,24,27,31,27,27,27,27,28,28,28,29,29,30,31,31,31,32,33,33,34,35,35,Casanare,1
478,9,11,14,8,10,12,6,12,5,7,11,8,6,14,9,9,13,15,15,15,15,15,15,15,15,15,15,16,16,16,16,16,16,16,17,17,Casanare,2
479,10,6,13,8,12,9,4,9,14,5,12,9,5,9,12,18,4,13,13,13,13,13,13,13,13,13,13,13,13,13,13,13,13,13,14,14,Casanare,3
480,26,22,35,16,22,21,16,15,20,28,30,19,34,51,29,45,41,36,36,37,37,38,38,38,39,39,40,41,41,41,42,43,44,45,47,47,Casanare,4
481,54,29,45,37,29,27,43,45,67,40,48,39,59,108,77,70,67,94,95,96,96,98,98,99,102,103,105,109,109,110,113,116,118,121,126,126,Casanare,5
482,36,46,40,24,22,24,35,26,29,33,45,48,70,93,61,78,72,63,64,65,65,66,66,67,69,70,71,74,74,75,77,79,80,82,85,85,Casanare,6
483,24,37,44,26,24,24,33,31,32,30,37,32,54,45,48,49,78,54,55,56,56,57,57,58,60,61,62,64,64,65,67,69,70,72,75,75,Casanare,7
484,19,18,30,22,17,18,25,27,29,19,29,23,54,52,48,48,37,58,59,60,60,61,61,62,64,65,66,68,68,69,71,73,74,76,79,79,Casanare,8
485,33,12,26,16,15,17,20,31,19,22,26,34,30,55,38,47,63,47,48,49,49,50,50,51,53,54,55,57,57,58,60,62,63,65,68,68,Casanare,9
486,26,21,23,16,21,16,12,24,19,19,27,17,41,33,31,33,43,45,45,46,46,47,47,47,48,49,50,52,52,53,54,56,57,59,61,61,Casanare,10
487,23,18,24,17,29,14,27,21,26,21,29,27,31,34,26,41,35,42,42,43,43,44,44,44,45,46,47,49,49,49,50,51,52,53,55,55,Casanare,11
488,24,17,33,22,19,19,21,16,27,27,38,25,38,48,24,25,55,40,40,41,41,42,42,42,43,44,45,47,47,47,48,49,50,51,53,53,Casanare,12
489,32,32,37,22,18,31,23,26,31,22,29,30,34,37,35,42,61,43,43,44,44,45,45,45,46,47,48,50,50,50,51,53,54,56,58,58,Casanare,13
490,37,31,33,27,20,23,27,27,22,28,33,40,37,32,34,44,51,47,48,49,49,50,50,51,53,54,55,57,57,58,60,62,63,65,68,68,Casanare,14
491,46,30,34,29,28,31,44,42,33,38,29,38,51,43,41,38,60,59,60,61,61,62,62,63,65,66,67,69,69,70,72,74,75,77,80,80,Casanare,15
492,21,27,33,21,24,31,24,30,33,19,23,42,43,42,39,40,70,55,56,57,57,58,58,59,61,62,63,65,65,66,68,70,71,73,76,76,Casanare,16
493,47,37,47,33,23,41,48,39,49,38,53,62,67,57,71,76,121,102,103,105,105,107,107,108,111,112,114,118,118,119,122,126,128,132,137,137,Casanare,17
494,43,35,27,40,34,35,27,34,17,29,24,24,19,26,34,23,28,37,37,38,38,39,39,39,40,40,41,42,42,42,43,44,45,46,48,48,Putumayo,1
495,16,14,16,5,22,8,7,9,7,8,6,9,2,8,8,14,14,12,12,12,12,12,12,12,12,12,12,12,12,12,12,12,12,12,12,12,Putumayo,2
496,13,11,12,10,15,4,16,9,7,13,7,11,6,19,8,17,8,11,11,11,11,11,11,11,11,11,11,11,11,11,11,11,11,11,11,11,Putumayo,3
497,31,36,31,37,43,41,30,29,27,34,33,43,35,68,94,72,68,57,58,59,59,60,60,61,63,64,65,67,67,68,70,72,73,75,78,78,Putumayo,4
498,37,52,60,63,75,55,76,50,48,71,43,67,83,115,152,126,106,118,119,121,121,123,124,125,129,131,133,138,139,140,144,148,150,154,160,160,Putumayo,5
499,29,29,51,63,75,63,59,53,42,56,42,49,54,112,104,105,82,100,101,103,103,105,105,106,109,110,112,116,116,117,120,124,126,130,135,135,Putumayo,6
500,22,27,29,47,49,28,25,26,24,35,39,37,36,80,75,76,41,88,89,90,90,92,92,93,96,97,99,103,103,104,107,110,112,115,119,119,Putumayo,7
501,24,31,35,34,37,31,30,28,23,19,29,39,25,71,38,52,42,48,49,50,50,51,51,52,54,55,56,58,58,59,61,63,64,66,69,69,Putumayo,8
502,23,20,18,26,24,10,31,28,23,21,11,28,21,35,33,36,44,59,60,61,61,62,62,63,65,66,67,69,69,70,72,74,75,77,80,80,Putumayo,9
503,10,18,19,23,30,24,25,23,28,13,14,21,34,39,30,32,33,32,32,32,32,33,33,33,34,34,35,36,36,36,37,38,39,40,42,42,Putumayo,10
504,16,18,28,16,24,16,22,22,14,23,17,17,15,35,29,25,34,38,38,39,39,40,40,40,41,41,42,43,43,43,44,45,46,47,49,49,Putumayo,11
505,19,22,39,27,26,27,17,23,19,22,26,27,25,30,33,34,27,26,26,26,26,27,27,27,28,28,29,30,30,30,31,32,32,33,34,34,Putumayo,12
506,27,19,19,19,19,23,25,32,26,25,21,19,16,17,29,43,26,41,41,42,42,43,43,43,44,45,46,48,48,48,49,50,51,52,54,54,Putumayo,13
507,25,29,23,28,23,23,30,26,27,28,31,33,20,35,37,36,42,39,39,40,40,41,41,41,42,43,44,46,46,46,47,48,49,50,52,52,Putumayo,14
508,28,20,23,33,31,26,37,47,34,36,34,33,33,41,29,29,41,46,46,47,47,48,48,48,49,50,51,53,53,54,56,58,59,61,63,63,Putumayo,15
509,18,30,23,25,34,29,40,30,23,29,35,23,23,44,42,38,36,42,42,43,43,44,44,44,45,46,47,49,49,49,50,51,52,53,55,55,Putumayo,16
510,44,52,59,60,57,55,62,79,54,71,50,69,70,92,86,75,74,106,107,109,109,111,111,112,115,116,118,122,123,124,128,132,134,138,143,143,Putumayo,17
511,4,4,11,0,5,5,5,4,4,3,5,4,2,1,0,4,1,1,1,1,1,1,1,1,1,1,1,1,1,1,1,1,1,1,1,1,SanAndres,1
512,2,2,0,1,2,3,2,1,1,0,2,3,1,1,1,4,3,0,0,0,0,0,0,0,0,0,0,0,0,0,0,0,0,0,0,0,SanAndres,2
513,1,0,0,7,0,1,2,1,3,1,2,1,2,1,0,3,0,3,3,3,3,3,3,3,3,3,3,3,3,3,3,3,3,3,3,3,SanAndres,3
514,0,3,5,2,4,2,0,4,5,3,5,1,2,5,5,7,2,2,2,2,2,2,2,2,2,2,2,2,2,2,2,2,2,2,2,2,SanAndres,4
515,2,4,4,3,6,3,6,3,5,6,4,4,5,8,9,7,13,5,5,5,5,5,5,5,5,5,5,5,5,5,5,5,5,5,5,5,SanAndres,5
516,3,7,5,8,5,4,4,4,10,6,11,7,8,9,3,6,4,4,4,4,4,4,4,4,4,4,4,4,4,4,4,4,4,4,4,4,SanAndres,6
517,3,7,3,11,7,4,7,3,11,5,7,3,4,8,5,8,7,6,6,6,6,6,6,6,6,6,6,6,6,6,6,6,6,6,6,6,SanAndres,7
518,2,5,3,5,3,3,10,6,2,4,3,1,5,6,8,8,6,11,11,11,11,11,11,11,11,11,11,11,11,11,11,11,11,11,11,11,SanAndres,8
519,3,4,2,1,1,3,5,1,1,2,9,3,5,7,10,6,4,6,6,6,6,6,6,6,6,6,6,6,6,6,6,6,6,6,6,6,SanAndres,9
520,3,2,3,8,4,5,5,4,9,4,9,10,8,6,11,13,9,4,4,4,4,4,4,4,4,4,4,4,4,4,4,4,4,4,4,4,SanAndres,10
521,3,4,10,7,1,9,6,3,6,7,6,8,11,9,3,9,15,9,9,9,9,9,9,9,9,9,9,9,9,9,9,9,9,9,9,9,SanAndres,11
522,12,7,14,6,9,10,4,8,6,7,11,12,11,5,6,10,5,7,7,7,7,7,7,7,7,7,7,7,7,7,7,7,7,7,7,7,SanAndres,12
523,13,10,10,11,6,4,8,8,9,22,10,17,15,16,13,9,11,6,6,6,6,6,6,6,6,6,6,6,6,6,6,6,6,6,6,6,SanAndres,13
524,12,7,15,13,11,12,13,9,13,13,14,12,14,18,13,16,12,18,18,18,18,18,18,18,19,19,19,20,20,20,21,22,22,23,24,24,SanAndres,14
525,6,1,11,17,10,10,9,13,18,8,13,17,17,17,18,12,13,14,14,14,14,14,14,14,14,14,14,14,14,14,14,14,14,14,15,15,SanAndres,15
526,13,11,13,9,8,14,14,15,21,12,22,16,17,18,14,18,19,20,20,20,20,20,20,20,21,21,21,22,22,22,23,24,24,25,26,26,SanAndres,16
527,28,34,27,48,32,28,38,24,32,35,35,32,39,29,40,46,34,44,44,45,45,46,46,46,47,48,49,51,51,52,53,55,56,58,60,60,SanAndres,17
528,7,11,9,8,5,9,6,10,4,4,3,7,4,9,8,5,13,9,9,9,9,9,9,9,9,9,9,9,9,9,9,9,9,9,9,9,Amazonas,1
529,3,0,1,2,1,2,0,3,2,0,2,1,0,4,2,6,2,0,0,0,0,0,0,0,0,0,0,0,0,0,0,0,0,0,0,0,Amazonas,2
530,1,5,2,3,1,1,3,1,0,2,3,2,2,4,5,3,3,4,4,4,4,4,4,4,4,4,4,4,4,4,4,4,4,4,4,4,Amazonas,3
531,4,7,8,4,3,6,6,3,3,1,3,2,1,2,3,10,10,6,6,6,6,6,6,6,6,6,6,6,6,6,6,6,6,6,6,6,Amazonas,4
532,9,6,3,3,4,5,5,5,3,3,2,7,6,12,6,8,7,4,4,4,4,4,4,4,4,4,4,4,4,4,4,4,4,4,4,4,Amazonas,5
533,10,5,1,3,1,2,3,8,1,3,7,7,6,3,7,4,8,7,7,7,7,7,7,7,7,7,7,7,7,7,7,7,7,7,7,7,Amazonas,6
534,8,4,5,3,1,2,4,4,3,6,1,4,3,0,3,5,7,6,6,6,6,6,6,6,6,6,6,6,6,6,6,6,6,6,6,6,Amazonas,7
535,11,3,7,0,0,2,3,1,4,0,0,2,5,7,4,4,2,9,9,9,9,9,9,9,9,9,9,9,9,9,9,9,9,9,9,9,Amazonas,8
536,4,7,3,2,3,3,4,4,1,3,1,3,3,1,3,7,4,6,6,6,6,6,6,6,6,6,6,6,6,6,6,6,6,6,6,6,Amazonas,9
537,3,2,3,1,2,4,2,0,1,4,2,3,3,4,7,0,3,6,6,6,6,6,6,6,6,6,6,6,6,6,6,6,6,6,6,6,Amazonas,10
538,3,3,3,4,2,2,6,0,2,6,6,2,4,9,2,5,10,6,6,6,6,6,6,6,6,6,6,6,6,6,6,6,6,6,6,6,Amazonas,11
539,3,4,3,1,1,2,4,4,2,3,1,2,2,7,5,10,4,5,5,5,5,5,5,5,5,5,5,5,5,5,5,5,5,5,5,5,Amazonas,12
540,5,3,2,4,6,7,2,2,1,3,7,3,4,9,5,8,12,1,1,1,1,1,1,1,1,1,1,1,1,1,1,1,1,1,1,1,Amazonas,13
541,2,2,1,5,1,1,1,3,5,7,2,1,6,9,8,8,10,5,5,5,5,5,5,5,5,5,5,5,5,5,5,5,5,5,5,5,Amazonas,14
542,5,4,2,2,4,5,3,6,3,6,5,4,14,8,7,7,16,4,4,4,4,4,4,4,4,4,4,4,4,4,4,4,4,4,4,4,Amazonas,15
543,2,2,5,4,4,6,4,2,4,3,4,3,3,7,5,7,2,5,5,5,5,5,5,5,5,5,5,5,5,5,5,5,5,5,5,5,Amazonas,16
544,3,8,5,4,5,5,11,11,5,8,8,7,9,10,10,9,14,7,7,7,7,7,7,7,7,7,7,7,7,7,7,7,7,7,7,7,Amazonas,17
545,5,3,3,1,6,3,1,3,4,1,2,3,3,9,3,12,5,7,7,7,7,7,7,7,7,7,7,7,7,7,7,7,7,7,7,7,Guainia,1
546,1,0,1,1,0,0,1,0,2,0,0,0,0,2,3,3,1,4,4,4,4,4,4,4,4,4,4,4,4,4,4,4,4,4,4,4,Guainia,2
547,0,0,1,0,1,2,0,0,0,1,0,0,1,1,4,3,0,1,1,1,1,1,1,1,1,1,1,1,1,1,1,1,1,1,1,1,Guainia,3
548,2,1,2,2,0,0,0,2,0,0,1,2,1,4,4,0,1,3,3,3,3,3,3,3,3,3,3,3,3,3,3,3,3,3,3,3,Guainia,4
549,0,0,0,2,2,2,1,0,0,0,3,0,0,4,4,12,3,0,0,0,0,0,0,0,0,0,0,0,0,0,0,0,0,0,0,0,Guainia,5
550,1,3,0,2,1,4,1,0,1,2,0,0,1,2,4,5,4,2,2,2,2,2,2,2,2,2,2,2,2,2,2,2,2,2,2,2,Guainia,6
551,1,1,3,0,0,3,0,0,1,0,0,1,1,3,1,5,1,2,2,2,2,2,2,2,2,2,2,2,2,2,2,2,2,2,2,2,Guainia,7
552,1,0,3,0,1,2,2,0,0,1,0,0,2,2,3,4,0,2,2,2,2,2,2,2,2,2,2,2,2,2,2,2,2,2,2,2,Guainia,8
553,1,0,1,0,2,0,0,0,0,0,0,0,1,1,2,4,1,4,4,4,4,4,4,4,4,4,4,4,4,4,4,4,4,4,4,4,Guainia,9
554,3,1,0,2,1,1,0,0,4,0,0,2,4,3,1,0,0,1,1,1,1,1,1,1,1,1,1,1,1,1,1,1,1,1,1,1,Guainia,10
555,1,1,0,1,1,0,1,2,0,1,3,2,3,3,2,3,2,2,2,2,2,2,2,2,2,2,2,2,2,2,2,2,2,2,2,2,Guainia,11
556,0,0,0,2,3,1,4,0,0,0,3,2,3,0,7,4,1,3,3,3,3,3,3,3,3,3,3,3,3,3,3,3,3,3,3,3,Guainia,12
557,1,1,0,1,0,2,2,0,3,0,3,3,2,4,3,3,2,5,5,5,5,5,5,5,5,5,5,5,5,5,5,5,5,5,5,5,Guainia,13
558,0,0,0,1,0,2,1,1,0,0,1,2,3,1,3,4,1,8,8,8,8,8,8,8,8,8,8,8,8,8,8,8,8,8,8,8,Guainia,14
559,1,2,0,0,1,1,1,2,0,1,0,3,2,4,4,3,1,4,4,4,4,4,4,4,4,4,4,4,4,4,4,4,4,4,4,4,Guainia,15
560,1,1,1,0,0,2,0,0,0,0,1,3,3,3,3,4,0,5,5,5,5,5,5,5,5,5,5,5,5,5,5,5,5,5,5,5,Guainia,16
561,2,1,0,1,1,4,1,1,2,0,3,2,2,5,3,4,2,3,3,3,3,3,3,3,3,3,3,3,3,3,3,3,3,3,3,3,Guainia,17
562,18,14,17,11,6,3,4,12,9,10,14,10,11,10,13,14,11,18,18,18,18,18,18,18,19,19,19,20,20,20,21,22,22,23,24,24,Guaviare,1
563,7,4,1,3,2,2,2,4,3,4,2,3,2,4,4,2,10,9,9,9,9,9,9,9,9,9,9,9,9,9,9,9,9,9,9,9,Guaviare,2
564,4,5,1,2,9,1,0,0,5,5,5,4,4,2,1,6,4,5,5,5,5,5,5,5,5,5,5,5,5,5,5,5,5,5,5,5,Guaviare,3
565,25,7,13,13,16,2,3,10,16,14,8,15,22,19,17,12,15,10,10,10,10,10,10,10,10,10,10,10,10,10,10,10,10,10,10,10,Guaviare,4
566,26,20,37,14,26,3,4,25,33,36,31,41,26,36,29,26,34,29,29,29,29,30,30,30,31,31,32,33,33,33,34,35,35,36,37,37,Guaviare,5
567,31,14,25,11,30,9,5,9,26,28,32,24,25,22,21,31,35,44,44,45,45,46,46,46,47,48,49,51,51,52,53,55,56,58,60,60,Guaviare,6
568,24,19,16,10,23,2,6,17,24,27,16,16,27,27,16,22,50,28,28,28,28,29,29,29,30,30,31,32,32,32,33,34,34,35,36,36,Guaviare,7
569,18,8,9,14,15,4,4,5,21,11,13,13,29,18,12,24,31,18,18,18,18,18,18,18,19,19,19,20,20,20,21,22,22,23,24,24,Guaviare,8
570,9,3,12,6,11,0,3,10,12,15,9,10,18,12,19,15,23,22,22,22,22,22,22,22,23,23,23,24,24,24,25,26,26,27,28,28,Guaviare,9
571,7,5,11,5,10,3,2,9,12,8,7,5,9,11,20,13,16,19,19,19,19,19,19,19,20,20,20,21,21,21,22,23,23,24,25,25,Guaviare,10
572,11,4,17,5,16,2,0,11,6,10,11,5,7,9,13,12,26,17,17,17,17,17,17,17,18,18,18,19,19,19,20,21,21,22,23,23,Guaviare,11
573,9,7,2,8,4,2,2,6,5,10,8,12,7,8,8,15,18,12,12,12,12,12,12,12,12,12,12,12,12,12,12,12,12,12,12,12,Guaviare,12
574,5,9,5,7,13,0,3,5,7,12,8,9,4,4,8,13,17,15,15,15,15,15,15,15,15,15,15,16,16,16,16,16,16,16,17,17,Guaviare,13
575,6,5,5,7,7,2,1,6,9,9,8,16,10,12,12,15,14,12,12,12,12,12,12,12,12,12,12,12,12,12,12,12,12,12,12,12,Guaviare,14
576,4,4,6,1,10,0,0,7,12,10,8,8,11,6,10,11,19,13,13,13,13,13,13,13,13,13,13,13,13,13,13,13,13,13,14,14,Guaviare,15
577,5,3,6,1,7,2,0,5,4,0,3,8,8,12,5,15,17,16,16,16,16,16,16,16,16,16,16,17,17,17,17,18,18,19,20,20,Guaviare,16
578,4,3,6,2,4,2,0,8,8,6,8,8,12,11,9,11,20,17,17,17,17,17,17,17,18,18,18,19,19,19,20,21,21,22,23,23,Guaviare,17
579,3,0,1,2,1,4,0,1,1,0,1,4,3,5,11,14,5,7,7,7,7,7,7,7,7,7,7,7,7,7,7,7,7,7,7,7,Vaupes,1
580,1,1,0,2,1,0,2,1,0,0,1,0,2,4,6,4,3,2,2,2,2,2,2,2,2,2,2,2,2,2,2,2,2,2,2,2,Vaupes,2
581,3,0,2,0,0,0,0,0,1,0,0,0,0,2,2,3,2,1,1,1,1,1,1,1,1,1,1,1,1,1,1,1,1,1,1,1,Vaupes,3
582,2,1,2,0,3,2,0,0,0,0,1,1,2,1,0,9,3,3,3,3,3,3,3,3,3,3,3,3,3,3,3,3,3,3,3,3,Vaupes,4
583,2,3,4,2,2,0,0,0,1,1,2,0,1,9,3,1,1,3,3,3,3,3,3,3,3,3,3,3,3,3,3,3,3,3,3,3,Vaupes,5
584,3,2,2,2,1,2,1,0,0,0,1,1,1,3,2,5,1,8,8,8,8,8,8,8,8,8,8,8,8,8,8,8,8,8,8,8,Vaupes,6
585,3,0,2,1,1,0,0,0,0,1,1,5,1,2,4,5,1,3,3,3,3,3,3,3,3,3,3,3,3,3,3,3,3,3,3,3,Vaupes,7
586,2,1,1,2,2,0,0,0,1,0,0,1,1,4,0,3,1,2,2,2,2,2,2,2,2,2,2,2,2,2,2,2,2,2,2,2,Vaupes,8
587,5,1,1,2,2,2,0,0,0,0,2,0,0,1,2,2,2,1,1,1,1,1,1,1,1,1,1,1,1,1,1,1,1,1,1,1,Vaupes,9
588,1,2,0,1,2,5,3,1,3,0,0,1,0,3,1,3,0,4,4,4,4,4,4,4,4,4,4,4,4,4,4,4,4,4,4,4,Vaupes,10
589,3,0,0,2,0,1,3,0,0,2,1,2,1,1,0,1,3,4,4,4,4,4,4,4,4,4,4,4,4,4,4,4,4,4,4,4,Vaupes,11
590,0,1,0,1,2,0,0,0,0,1,2,0,3,4,4,2,2,3,3,3,3,3,3,3,3,3,3,3,3,3,3,3,3,3,3,3,Vaupes,12
591,0,1,0,3,0,1,2,0,0,0,1,1,2,3,4,6,7,11,11,11,11,11,11,11,11,11,11,11,11,11,11,11,11,11,11,11,Vaupes,13
592,1,0,0,0,1,0,0,0,0,0,1,4,2,4,10,4,2,5,5,5,5,5,5,5,5,5,5,5,5,5,5,5,5,5,5,5,Vaupes,14
593,2,0,1,1,2,1,1,0,2,0,3,2,3,2,8,6,7,6,6,6,6,6,6,6,6,6,6,6,6,6,6,6,6,6,6,6,Vaupes,15
594,0,1,1,0,0,0,0,0,1,1,1,2,0,3,2,3,4,5,5,5,5,5,5,5,5,5,5,5,5,5,5,5,5,5,5,5,Vaupes,16
595,2,0,1,0,2,0,0,0,0,0,0,2,2,1,5,4,6,5,5,5,5,5,5,5,5,5,5,5,5,5,5,5,5,5,5,5,Vaupes,17
596,2,3,3,1,5,4,3,3,4,1,4,1,2,21,15,18,17,11,11,11,11,11,11,11,11,11,11,11,11,11,11,11,11,11,11,11,Vichada,1
597,3,0,0,1,1,1,0,0,1,0,3,0,3,4,1,4,2,1,1,1,1,1,1,1,1,1,1,1,1,1,1,1,1,1,1,1,Vichada,2
598,2,0,0,2,1,0,2,1,0,0,0,2,1,3,4,2,5,2,2,2,2,2,2,2,2,2,2,2,2,2,2,2,2,2,2,2,Vichada,3
599,0,2,2,1,4,4,3,3,1,2,2,1,4,12,5,13,6,0,0,0,0,0,0,0,0,0,0,0,0,0,0,0,0,0,0,0,Vichada,4
600,1,3,0,3,0,2,5,1,0,1,1,2,2,16,6,9,9,17,17,17,17,17,17,17,18,18,18,19,19,19,20,21,21,22,23,23,Vichada,5
601,0,2,0,1,2,6,2,2,0,1,3,2,1,19,3,19,11,14,14,14,14,14,14,14,14,14,14,14,14,14,14,14,14,14,15,15,Vichada,6
602,4,1,0,1,3,2,2,4,0,1,2,2,0,7,3,16,12,5,5,5,5,5,5,5,5,5,5,5,5,5,5,5,5,5,5,5,Vichada,7
603,0,0,1,2,6,1,1,1,0,4,1,1,2,9,7,14,14,7,7,7,7,7,7,7,7,7,7,7,7,7,7,7,7,7,7,7,Vichada,8
604,1,0,1,2,0,2,1,1,0,0,1,2,1,6,3,10,8,3,3,3,3,3,3,3,3,3,3,3,3,3,3,3,3,3,3,3,Vichada,9
605,1,0,1,2,2,1,0,2,0,1,2,0,1,0,4,7,17,5,5,5,5,5,5,5,5,5,5,5,5,5,5,5,5,5,5,5,Vichada,10
606,0,1,1,5,0,0,4,0,2,1,3,2,1,9,3,12,15,7,7,7,7,7,7,7,7,7,7,7,7,7,7,7,7,7,7,7,Vichada,11
607,2,3,1,1,3,1,3,2,3,1,2,2,3,4,7,5,4,3,3,3,3,3,3,3,3,3,3,3,3,3,3,3,3,3,3,3,Vichada,12
608,1,1,1,1,1,2,1,1,1,1,3,2,3,7,8,12,5,6,6,6,6,6,6,6,6,6,6,6,6,6,6,6,6,6,6,6,Vichada,13
609,2,2,2,3,5,0,2,4,2,0,4,1,3,7,8,5,9,10,10,10,10,10,10,10,10,10,10,10,10,10,10,10,10,10,10,10,Vichada,14
610,0,1,2,1,2,0,2,3,1,1,2,2,2,4,6,8,10,9,9,9,9,9,9,9,9,9,9,9,9,9,9,9,9,9,9,9,Vichada,15
611,0,3,0,1,1,2,0,1,0,0,3,1,1,9,5,6,5,9,9,9,9,9,9,9,9,9,9,9,9,9,9,9,9,9,9,9,Vichada,16
612,3,2,2,1,3,1,2,1,2,0,4,1,5,9,8,18,13,11,11,11,11,11,11,11,11,11,11,11,11,11,11,11,11,11,11,11,Vichada,17
613,6151,5699,5887,4791,4375,4200,4035,4129,3678,3368,3247,3030,3126,3435,3103,3125,2961,2932,2963,3008,3013,3074,3088,3120,3216,3255,3315,3432,3446,3480,3578,3684,3735,3840,3988,4000,Colombia,1
614,2217,2090,2174,1897,1826,1657,1724,1673,1597,1533,1505,1400,1431,1525,1531,1443,1399,1449,1465,1487,1489,1519,1526,1542,1589,1608,1637,1695,1702,1719,1768,1821,1846,1898,1971,1977,Colombia,2
615,1804,1702,1713,1714,1688,1650,1812,1837,1715,1734,1696,1650,1643,1677,1733,1674,1564,1694,1712,1738,1741,1776,1784,1803,1859,1881,1915,1983,1991,2011,2068,2129,2159,2220,2305,2312,Colombia,3
616,4099,4182,4326,4527,4783,5149,5810,5863,6053,6315,6175,6408,6113,6168,6435,6660,6563,6741,6813,6917,6928,7068,7100,7174,7395,7484,7621,7891,7923,8002,8228,8472,8590,8832,9172,9200,Colombia,4
617,6603,6816,7082,7556,7846,8115,9426,9304,9371,9044,8401,8426,8090,8305,8711,9347,9534,10225,10334,10491,10508,10720,10768,10880,11215,11351,11559,11968,12017,12137,12480,12851,13030,13397,13913,13955,Colombia,5
618,6465,6689,6998,7451,7887,7939,9031,9089,8668,8387,8173,8195,7760,7752,8053,8596,8072,8822,8916,9052,9066,9249,9291,9388,9677,9794,9973,10326,10368,10472,10768,11088,11242,11559,12004,12040,Colombia,6
619,5304,5465,5749,6284,6605,6636,7691,7684,7872,7697,7344,7376,7153,7125,7309,7713,7572,7825,7909,8029,8042,8204,8241,8327,8583,8687,8846,9159,9197,9289,9552,9836,9973,10254,10649,10681,Colombia,7
620,4978,5035,5483,5762,5929,5927,6915,7172,7073,6918,6954,7222,6966,6662,7028,7440,7296,7718,7801,7920,7933,8093,8129,8214,8467,8569,8726,9035,9072,9163,9422,9702,9837,10114,10503,10535,Colombia,8
621,4618,4389,4745,4915,5074,5210,5749,5928,5975,6046,6020,6379,6353,6312,6861,7097,7113,7511,7591,7706,7718,7874,7909,7991,8237,8337,8490,8791,8827,8915,9167,9439,9570,9840,10219,10250,Colombia,9
622,5482,5282,5550,5413,5623,5261,5608,5627,5884,5813,6051,6434,6433,6388,6895,7325,7105,7388,7467,7580,7592,7745,7780,7861,8103,8201,8351,8647,8682,8769,9017,9285,9414,9679,10052,10082,Colombia,10
623,6790,6299,6798,6504,6579,6486,6820,7040,6796,6977,6945,6759,6947,6870,7205,7444,7723,8040,8126,8250,8263,8430,8468,8556,8820,8927,9090,9412,9451,9546,9816,10108,10249,10538,10944,10977,Colombia,11
624,8164,8106,8335,8138,8192,7785,7910,8112,8134,8169,8322,8556,8371,8034,8564,8448,8080,8480,8571,8701,8715,8891,8931,9024,9302,9415,9587,9926,9967,10067,10352,10659,10807,11112,11540,11575,Colombia,12
625,10208,9284,9727,9936,10197,10582,10808,11082,11276,11048,11124,10947,10746,10533,11477,11233,11121,11470,11593,11769,11788,12026,12080,12206,12582,12734,12967,13426,13481,13616,14001,14417,14617,15029,15608,15655,Colombia,13
626,11526,10993,11439,11550,11407,11392,11384,11743,12390,12614,13483,14245,13702,13336,14200,13919,13510,14150,14301,14518,14541,14835,14902,15057,15521,15709,15996,16562,16630,16796,17271,17784,18031,18539,19253,19311,Colombia,14
627,13444,12001,12423,12724,12897,13153,13783,14359,14577,14695,14645,14892,14847,14697,16160,16778,17215,17808,17999,18273,18302,18672,18756,18951,19535,19771,20133,20846,20931,21140,21738,22384,22695,23335,24233,24306,Colombia,15
628,12660,12132,12648,13306,13559,13409,13401,13920,14422,14464,15394,16460,15664,15361,16650,16723,16643,17478,17665,17934,17963,18326,18408,18599,19172,19404,19759,20458,20542,20747,21334,21968,22273,22901,23783,23854,Colombia,16
629,23087,21715,22710,23982,24049,24655,26348,26938,27506,28478,29806,31838,30885,29630,33924,34743,35588,37884,38289,38871,38933,39719,39898,40313,41555,42058,42828,44344,44526,44971,46244,47617,48279,49640,51551,51706,Colombia,17
